緯度情報,経度情報,愛工大からの距離,データ名
35.3653033790,136.7718795387,143.7804541319,天然鮎せり市
35.3353307824,136.7595220790,143.7929364694,葛利毛織工業株式会社
35.3642234100,136.7910718918,143.7947793634,川釣り体験場　マス釣り
35.3124868326,136.7392984275,143.7948227145,定渡船場（起渡船場跡）
35.3123072128,136.7394863258,143.7950825818,旧湊屋
35.3093508235,136.7370165780,143.7954313564,宮河戸（起渡船場跡）
35.3097949700,136.7377070356,143.7956045401,起のやまがき
35.3093246017,136.7372476507,143.7956131128,起の大いちょう
35.3079780724,136.7362870591,143.7958880257,船橋河戸（起渡船場跡）
35.3059960207,136.7364073529,143.7973762459,旧林氏庭園
35.3061223571,136.7366267800,143.7974417656,旧林家住宅主屋及び裏座敷
35.3057441253,136.7366659641,143.7977372223,【尾張】尾西歴史民俗資料館
35.3130133023,136.7454761746,143.7988131428,墨会館
35.3162257918,136.7490667964,143.7990749740,一宮桜まつり（尾西緑道）
35.3443661235,136.7782413462,143.7997659197,木曽川資料館
35.3079505026,136.7457854748,143.8026157607,一宮市三岸節子記念美術館
35.3577312043,136.7971658707,143.8036793334,木曽川堤の桜
35.2596459816,136.7029237747,143.8065557980,木曽三川公園 ワイルドネイチャープラザ
35.2595145730,136.7029023170,143.8066337225,木曽三川公園ワイルドネイチャープラザ
35.3074854920,136.7526966145,143.8078261153,産直広場尾西店
35.2958987830,136.7413097806,143.8079872382,冨田一里塚（西塚）
35.2959624226,136.7414633784,143.8080506525,冨田一里塚（東塚）
35.3568036513,136.8067133958,143.8110822172,一宮桜まつり（木曽川堤）
35.3577224543,136.8090641499,143.8120932666,【尾張】138タワーパーク
35.3576830795,136.8090534210,143.8121135450,１３８タワーパーク
35.3062823939,136.7594215776,143.8134276145,旧起第二尋常小学校奉安殿
35.3429827076,136.8059606008,143.8203298964,愛知西のその他各直売所（お米屋さん葉栗店）
35.3536294233,136.8249152675,143.8261908465,木曽川堤（サクラ）
35.3504944995,136.8288343517,143.8311784622,浅井古墳群（小塞神社古墳・浅井1号墳）
35.3514669348,136.8316799779,143.8325014788,浅井古墳群（愛宕塚古墳・浅井20号墳）
35.2568040300,136.7387557051,143.8338659269,ぎんなん・いちょう並木
35.2568040300,136.7387557051,143.8338659269,ぎんなん・いちょう並木
35.3501538352,136.8327526353,143.8341885583,浅井古墳群（桃塚古墳・浅井4号墳）
35.2078544734,136.6902315617,143.8342852083,れんこん
35.2567330395,136.7400240898,143.8348117572,祖父江ぎんなんパーク
35.3510456845,136.8358296793,143.8357321848,浅井古墳群（岩塚古墳・浅井14号墳）
35.2709901267,136.7557364702,143.8358111426,萩原・萬葉公園
35.2709594690,136.7557150126,143.8358176969,萩原・萬葉公園
35.3058274758,136.7944803911,143.8385139236,一宮桜まつり（稲荷公園）
35.2905806763,136.7817637685,143.8403234532,森川家住宅
35.3323446658,136.8241028873,143.8406769063,長誓寺本堂（旧渡辺半蔵邸書院） 
35.3305390095,136.8231095270,143.8412526620,一宮桜まつり（浅井山公園）
35.3075543520,136.8020931577,143.8426696585,国登録
35.2852490840,136.7865121365,143.8474515119,愛知西のその他各直売所（お米屋さん大和店）
35.3052562004,136.8082834096,143.8486693627,一宮桜まつり（大江川緑道）
35.3494053189,136.8563007096,143.8513607447,曼陀羅寺書院
35.3491711505,136.8563786215,143.8515814681,曼陀羅寺正堂
35.3669020494,136.8744795673,143.8518340404,木曽川堤（サクラ）
35.3709506804,136.8787680361,143.8520021562,スイトピアYuYuクラブ朝市
35.3494795751,136.8573224545,143.8520303767,まんだら青空市 （曼陀羅寺公園大型バス駐車場）
35.3488665617,136.8571169381,143.8523187768,曼陀羅寺伽藍（地蔵堂）
35.2382761330,136.7463111877,143.8523213260,産直広場一色下方店 
35.3496545919,136.8579500914,143.8523501784,曼陀羅寺公園のフジ
35.3496895952,136.8579983711,143.8523595405,曼陀羅寺公園のフジ
35.2381184010,136.7462253571,143.8523724319,産直広場一色下方店 
35.3705751167,136.8795311451,143.8528072567,すいとぴあ江南
35.3706276081,136.8797135353,143.8528990714,すいとぴあ江南
35.2853650453,136.8003457218,143.8571407751,妙興寺鐘楼
35.2845726009,136.8006131360,143.8578905930,妙興寺境内地
35.2839835717,136.8001270294,143.8579641617,【尾張】一宮市博物館・妙興寺
35.2837624930,136.8010015521,143.8587383869,妙興寺勅使門
35.3354157364,136.8559598923,143.8610167548,国登録
35.2314013622,136.7546260357,143.8630604385,【尾張】愛知県下水道科学館
35.2312392350,136.7546474934,143.8631904043,愛知県下水道科学館
35.3749580278,136.8995296955,143.8638462865,木曽川扶桑緑地公園
35.3751417375,136.8998193741,143.8639211821,木曽川扶桑緑地公園
35.3438144854,136.8698430375,143.8648875335,まんだら青空市 （JA愛知北江南支店）
35.3415771718,136.8678689003,143.8650748700,愛知北地域の新鮮野菜市
35.2852490840,136.8129909039,143.8661553573,愛知西のその他各直売所（お米屋さん丹陽西店）
35.1613541917,136.6890621185,143.8664088380,花ハス
35.1613541917,136.6892230511,143.8665223848,ハスの風景
35.2918334444,136.8204695450,143.8667783650,馬見塚遺跡
35.2753784393,136.8065214157,143.8685720573,一宮地方総合卸売市場
35.2752207795,136.8065643311,143.8687139708,一宮地方総合卸売市場　日曜新鮮市
35.2478621574,136.7798709869,143.8692297958,【尾張】稲沢の伝統文化
35.3380847541,136.8705948263,143.8694721354,報光寺本堂
35.2384409565,136.7722714410,143.8705342983,尾張国分寺跡
35.2054437420,136.7393159866,143.8706368800,平和桜物語
35.2051982817,136.7398309708,143.8711742653,平和の桜並木
35.3096313708,136.8446969701,143.8713008785,うみたて卵直売店　うきうき村
35.2049177547,136.7400026321,143.8714941432,【尾張】一宮の桜まつり
35.1743110618,136.7107976424,143.8725645830,下新田の藤
35.1384113792,136.6773302438,143.8743919873,【海部】加藤牧場
35.1784266037,136.7180916667,143.8747960207,津島神社のイチョウ
35.1783517072,136.7186361755,143.8752333533,津島神社本殿
35.2478884429,136.7884647846,143.8752800156,稲沢公園
35.1781805593,136.7186700521,143.8753785178,津島神社
35.1780440403,136.7186254263,143.8754437476,津島神社
35.2297713119,136.7708104849,143.8756418440,植木センター（愛知県植木センター）
35.1781638704,136.7190324558,143.8756460963,津島神社楼門
35.1777478780,136.7186724261,143.8756867456,津島神社南門
35.2471349211,136.7882931232,143.8756922905,稲沢公園
35.2296661463,136.7708265781,143.8757276785,愛知県植木センター
35.3635400267,136.9056646840,143.8762585762,川田家住宅主屋
35.3419839149,136.8846135290,143.8766228237,宮後八幡社本殿
35.2466530139,136.7893338203,143.8767684271,荻須記念美術館
35.1761498315,136.7192745209,143.8772438637,堀田家住宅
35.1764994867,136.7199198944,143.8774515828,旧堀田家住宅（愛知県津島市禰宜町） 
35.1766645239,136.7203906816,143.8776668970,旧堀田廣之家住宅
35.1787208725,136.7234210945,143.8783486478,旧津島信用金庫
35.1787368186,136.7234855890,143.8783828665,津島市観光交流センター（まつりの館　津島屋）
35.2991990610,136.8444156647,143.8784842118,産直広場南小渕店
35.1736241512,136.7204976082,143.8798964559,天王川公園
35.1736767703,136.7206585407,143.8799727464,天王川公園
35.1644978602,136.7117196169,143.8801683304,JAあいち海部グリーンセンター津島店
35.1643363393,136.7115926743,143.8801932023,ＪＡあいち海部グリーンセンター津島店 （愛菜耕房）
35.1318783305,136.6801674257,143.8810239203,船頭平閘門
35.1318338064,136.6802000999,143.8810785275,船頭平閘門
35.1317241268,136.6801893711,143.8811486988,【海部】船頭平閘門
35.1774610803,136.7265020709,143.8814155393,寳泉寺書院（旧服部家住宅書院）
35.2558858134,136.8054896937,143.8816419151,尾張大国霊神社拝殿
35.2556243367,136.8054688743,143.8818123162,尾張大国霊神社楼門
35.1441169911,136.6941690445,143.8822275412,【海部】立田道の駅
35.3861646026,136.9367557091,143.8822451866,犬山頭首工
35.1441941812,136.6943830443,143.8823238166,立田ふれあいの里
35.1441941812,136.6943830443,143.8823238166,道の駅「立田ふれあいの里」
35.1656048750,136.7159006466,143.8823343087,愛知県立津島高等学校正門門柱（旧愛知県津島中学校正門）
35.3883598170,136.9392812393,143.8824792281,国宝　犬山城天守
35.3876684977,136.9393340130,143.8830053128,犬山城跡
35.2522867681,136.8039357662,143.8830922865,産直広場国府宮店
35.2522848516,136.8040660841,143.8831856831,国府宮の農産物直売所
35.3815432828,136.9338466254,143.8834553264,西蓮寺
35.2398659125,136.7931228801,143.8842496255,性海寺多宝塔
35.2400111648,136.7934912443,143.8844069195,あじさい寺（大塚性海寺歴史公園）
35.2400024470,136.7935507673,143.8844551265,あじさい寺（大塚性海寺歴史公園）
35.2399483619,136.7935510150,143.8844935948,性海寺本堂及び宝塔
35.3880316892,136.9421661529,143.8847514800,旧正伝院書院
35.3835175952,136.9376609436,143.8847568460,国登録
35.3879509917,136.9423975361,143.8849721720,国宝　如庵
35.3918705773,136.9464486847,143.8850662503,木曽川
35.3828848958,136.9375134842,143.8850998966,専念寺
35.3591846883,136.9139115375,143.8851693293,ふれあい青空市（扶桑町）
35.3837715005,136.9392170661,143.8856778139,井上家住宅
35.3840425859,136.9395685312,143.8857347090,山田家住宅主屋
35.3839349957,136.9398770301,143.8860289475,車山蔵
35.3829943535,136.9389589053,143.8860446990,大島家住宅茶室
35.2200343618,136.7759785838,143.8861860278,緑花木販売センター
35.3833305553,136.9396145546,143.8862706721,伊藤家住宅
35.3842255488,136.9409989400,143.8866169432,宮田家住宅
35.3823743368,136.9392319945,143.8866761897,瀧野家住宅蔵
35.3821043695,136.9394749018,143.8870388444,遠藤家住宅主屋
35.3829262840,136.9403421435,143.8870710480,小島家住宅
35.3817436608,136.9393988658,143.8872401006,高木家住宅
35.3833964577,136.9411113187,143.8872825921,三井家住宅
35.3815096461,136.9395866363,143.8875383438,旧磯部家住宅
35.3808627712,136.9395160675,143.8879457932,犬山どんでん朝市
35.3819442627,136.9406200557,143.8879618907,川村家住宅
35.3808073958,136.9395531003,143.8880111342,ま野家住宅
35.3834977648,136.9422667707,143.8880281104,佐橋家住宅主屋
35.3788964686,136.9381519032,143.8883713117,祥雲寺
35.3822067376,136.9418859017,143.8886715240,圓明寺
35.3834139990,136.9431987273,143.8887464222,旧小守家住宅主屋
35.3816490361,136.9418206137,143.8890196538,浄誓寺本堂
35.1726309585,136.7325058579,143.8890746571,国登録
35.2559536943,136.8163142244,143.8892393185,萬徳寺多宝塔
35.3830855419,136.9435777375,143.8892466824,梅田家住宅
35.2560897022,136.8165883816,143.8893366855,万徳寺鎮守堂
35.2985001924,136.8590901164,143.8893477047,一宮桜まつり（青木川）
35.3788598418,136.9396056670,143.8894252818,堀部家住宅
35.3901208154,136.9508786137,143.8894363539,東之宮古墳
35.3831677850,136.9441828931,143.8896165103,奥村家住宅
35.3855893385,136.9473353322,143.8901339769,妙感寺古墳
35.3776194366,136.9399565152,143.8905504012,徳授寺
35.1545562408,136.7172789574,143.8911355734,鈴木家住宅
35.3869389390,136.9509421256,143.8917307242,尾関家住宅
35.2053648441,136.7694532871,143.8919677629,【海部】二十五菩薩来迎会
35.2054262092,136.7696678638,143.8920757915,蓮華寺寺叢
35.2054042931,136.7697161436,143.8921253980,蓮華寺寺叢
35.2053673440,136.7697868434,143.8922014794,蓮華寺のカヤノキ
35.2055103891,136.7701857708,143.8923818107,蓮華寺庭園
35.3563845232,136.9242963787,143.8944920210,長泉塚古墳
35.2593302026,136.8276195348,143.8948347622,産直広場下津店
35.3951637794,136.9636241228,143.8948861788,寂光院
35.3533421297,136.9220058642,143.8950240214,覚王寺
35.3284135351,136.9100546837,143.9042055063,【尾張】大口歴史民俗資料館
35.3283754205,136.9102236472,143.9043519062,大口町朝市会
35.3276345027,136.9096899033,143.9044986594,【尾張】北愛知の文化
35.2256127828,136.8086779118,143.9053259720,愛知西のその他各直売所（産直広場大里店）
35.1399222726,136.7233635485,143.9057985156,八幡社本殿
35.2772927421,136.8638971266,143.9077510819,産直センター岩倉店
35.2744780531,136.8630062410,143.9091134388,大地遺跡
35.1288087878,136.7169061303,143.9091178250,服部家住宅（愛知県海部郡弥富町） 
35.1287539460,136.7169141769,143.9091623671,【海部】服部家住宅
35.2827392136,136.8719459478,143.9095842568,岩倉野菜の広場
35.1936695785,136.7832720280,143.9100065023,【海部】湯の花神事
35.1764765860,136.7703243365,143.9130434166,朝市かもり
35.1762287578,136.7706012726,143.9134144452,【海部】朝市かもり
35.3531412148,136.9489194860,143.9141961748,国登録
35.2333610708,136.8312543331,143.9157850139,長光寺地蔵堂
35.3756316278,136.9740629196,143.9160770130,中島池
35.2780558701,136.8773713170,143.9167318299,五条川の桜と尾北自然歩道
35.2780558701,136.8773713170,143.9167318299,五条川の桜と尾北自然歩道
35.3459745815,136.9457130044,143.9169964098,吉野家住宅
35.3505922647,136.9520350637,143.9182016124,旧加茂郡銀行羽黒支店
35.3265382126,136.9286862044,143.9187031457,青塚古墳
35.2373122105,136.8411433697,143.9199729236,五条川の桜
35.3647907317,136.9719205325,143.9222256789,神明社楼門
35.2466354899,136.8545007706,143.9228091931,【尾張】西春日井の伝統文化
35.2449802000,136.8547212585,143.9241365449,グリーン西春日井
35.1063227321,136.7186307907,143.9262706029,【海部】海部水郷地帯の酒
35.3701018799,136.9846407684,143.9274677814,犬山里山学センター
35.3701018799,136.9846407684,143.9274677814,犬山里山学センター
35.1061999658,136.7210168537,143.9280409101,弥富市歴史民俗資料館
35.1045936224,136.7194569111,143.9280788991,【海部】水郷の塔
35.1044448884,136.7193152019,143.9280843431,水郷の塔
35.1044448884,136.7193152019,143.9280843431,水郷の塔
35.1838184738,136.7990863323,143.9281481074,七宝焼アートヴィレッジ
35.1094780432,136.7245799303,143.9282313638,YaToMiAQUA（弥富金魚水族館）
35.1836650204,136.7990648746,143.9282416330,七宝焼アートヴレッジ
35.1097632879,136.7250251770,143.9283433296,【海部】文鳥
35.1093946639,136.7247784138,143.9284304856,弥富の金魚市場
35.1888208974,136.8049335480,143.9287338514,【海部】ハナショウブの風景
35.2794335874,136.8962191988,143.9290759004,宇都宮神社古墳
35.1686819266,136.7852372276,143.9290914976,JA海部東グリーンプラザ
35.1686819266,136.7852372276,143.9290914976,ＪＡ海部東グリーンプラザ
35.1972698206,136.8161380971,143.9306623754,水辺乃並木道
35.1970100023,136.8160915375,143.9308134733,【海部】水辺乃並木道
35.2928592565,136.9126081467,143.9311602868,小牧山
35.1786290938,136.7982670539,143.9312448397,らかんまき
35.2927892006,136.9126939774,143.9312705103,小牧山
35.1784737389,136.7981529236,143.9312742892,【海部】らかんまき
35.3126371191,136.9327189780,143.9313858870,熊野神社の五枚岩
35.2925762574,136.9127884175,143.9314879006,小牧山
35.1136863975,136.7341125011,143.9319743996,金魚、金魚池
35.1780106422,136.7994336363,143.9325064399,七宝町のラカンマキ
35.1204263327,136.7417997122,143.9326220991,水の館
35.1203210255,136.7418104410,143.9327042915,水の館
35.1108603734,136.7325782776,143.9328946671,金魚日本一大会
35.1499837486,136.7727072532,143.9334919224,名古屋西流通センター　土曜特売市
35.2012094479,136.8246960640,143.9339160145,いきいき朝市甚目寺
35.2169809703,136.8407793252,143.9341082712,五条川の桜（清須）
35.1012669580,136.7249822617,143.9343346023,【海部】立田輪中人造堰樋門
35.1013475675,136.7252333633,143.9344546165,立田輪中人造堰樋門
35.1013475675,136.7252333633,143.9344546165,立田輪中人造堰樋門
35.2164711571,136.8411970139,143.9347641900,清須の自然と歴史
35.2162958522,136.8412935734,143.9349564924,清須の自然と歴史
35.2917793726,136.9186852478,143.9362195029,愛知県立小牧高等学校正門門柱（旧愛知県小牧中学校正門）
35.1948795116,136.8229901791,143.9371933740,【海部】甚目寺観音
35.1944492464,136.8227500293,143.9373284554,甚目寺
35.1940985621,136.8230589849,143.9377949313,甚目寺南大門
35.3089986012,136.9391406397,143.9384990274,岩崎清流亭の藤
35.1934679212,136.8234246969,143.9384997157,甚目寺歴史民俗資料館
35.3089263841,136.9390858575,143.9385113771,岩崎の清流亭の藤
35.2186587653,136.8514167553,143.9404337379,貝殻山貝塚
35.2211729300,136.8545707138,143.9408817388,朝日貝塚（検見塚）
35.2177859317,136.8515074253,143.9411156535,【尾張】朝日遺跡
35.1123611624,136.7472016811,143.9421488123,JAあいち海部グリーンセンター 十四山店（菜々耕房）
35.1123787153,136.7474162579,143.9422877767,ＪＡあいち海部グリンセンター 十四山店（菜々耕房）
35.2500087809,136.8856143951,143.9424032298,【尾張】北名古屋市歴史民俗資料館（昭和日常博物館）
35.3299715773,136.9665527344,143.9430481175,【尾張】春日井・小牧の伝統文化
35.3303845680,136.9670311870,143.9430944076,大縣神社
35.1487665703,136.7867696285,143.9442797900,【海部】須成祭
35.1478389442,136.7875953816,143.9455197420,冨吉建速神社本殿
35.1468454862,136.7868952125,143.9457292572,蟹江町観光交流センター（祭人（さいと））
35.1475147034,136.7876846857,143.9458124567,八剱社本殿
35.2518506488,136.8925855168,143.9460253703,旧加藤家住宅
35.3471758789,136.9887299727,143.9465672179,明治村帝国ホテル中央玄関
35.3463819179,136.9882476273,143.9467873914,明治村高田小熊写真館
35.3465176659,136.9886103943,143.9469479845,明治村宮津裁判所法廷
35.3470323315,136.9891923737,143.9469957320,明治村名鉄岩倉変電所
35.3463827934,136.9888417315,143.9472069469,明治村金沢監獄
35.3461486028,136.9889632659,143.9474584673,明治村前橋監獄雑居房
35.3462569669,136.9890950520,143.9474750615,明治村東京駅警備巡査派出所
35.3470696451,136.9900504525,143.9475762258,明治村内閣文庫
35.3461492167,136.9893813380,143.9477537114,明治村天童眼鏡橋
35.3465556280,136.9899085455,143.9478392554,明治村隅田川新大橋
35.3468084107,136.9901720434,143.9478469043,明治村皇居正門石橋飾電燈
35.3460232601,136.9895466419,143.9479596690,明治村小那沙美島燈台
35.3454816184,136.9890087339,143.9479621645,明治村菊の世酒蔵
35.3465294527,136.9905027097,143.9482779811,明治村川崎銀行本店
35.3454465783,136.9897019264,143.9484771903,明治村聖ザビエル天主堂
35.3450676283,136.9894607135,143.9485745025,旧呉服座
35.3451309532,136.9896146003,143.9486385682,明治村半田東湯
35.3462687301,136.9909763595,143.9487972909,明治村大明寺聖パウロ教会堂
35.3448695420,136.9896151707,143.9488237826,明治村小泉八雲避暑の家
35.1337014295,136.7781581158,143.9488738424,尾張温泉
35.1337014295,136.7781581158,143.9488738424,尾張温泉（尾張温泉東海センター）
35.3447885111,136.9896813580,143.9489278796,明治村本郷喜之床
35.2707711428,136.9162559509,143.9493647455,エアフロントオアシス（空港北側）
35.3443477970,136.9903534221,143.9497147633,明治村工部省品川硝子製造所
35.1743850340,136.8203569009,143.9498464458,明眼院旧多宝塔
35.1329827430,136.7789296477,143.9499275134,尾張温泉（湯元館）
35.3444114413,136.9907273415,143.9499342194,旧伊勢郵便局舎(宇治山田郵便局舎)
35.1937616392,136.8399149179,143.9499365534,【海部】香の物祭
35.3437259469,136.9904427860,143.9502175973,明治村鉄道寮新橋工場
35.3416493733,136.9885522127,143.9503486270,旧山梨県東山梨郡役所
35.3417718970,136.9889625907,143.9505522337,明治村清水医院
35.3439074466,136.9912785157,143.9506803428,明治村六郷川鉄橋
35.3432578662,136.9908948656,143.9508682467,明治村歩兵第六連隊兵舎
35.1724182865,136.8198573589,143.9508865108,元気朝市おおはる
35.3427704276,136.9904338594,143.9508868146,明治村第四高等学校武術道場無声堂
35.3413622671,136.9891057618,143.9509430914,明治村第四高等学校物理化学教室
35.3438177194,136.9915647516,143.9509462153,明治村ハワイ移民集会所
35.3400806320,136.9880084547,143.9510731597,明治村三重県尋常師範学校・蔵持小学校
35.3435382320,136.9915323499,143.9511208893,明治村ブラジル移民住宅
35.3429786664,136.9910604929,143.9511827721,明治村日本赤十字社中央病院
35.3417058221,136.9897980940,143.9511898383,旧東松家住宅
35.3402524375,136.9883711139,143.9512081729,明治村大井牛肉店
35.3405503758,136.9886894935,143.9512226966,明治村第八高等学校正門
35.3409426707,136.9891235232,143.9512523029,旧三重県県庁舎
35.3432497144,136.9914889664,143.9512941810,旧名古屋衛戌病院
35.3398530675,136.9881150126,143.9513094067,明治村近衛局本部付属舎（皇宮警察坂下護衛署別館）
35.3416610086,136.9899742128,143.9513460771,明治村京都中井酒造
35.3416471854,136.9901078939,143.9514503931,明治村安田銀行会津支店
35.3413627547,136.9898450375,143.9514655818,明治村千早赤阪小学校講堂
35.3397475620,136.9883172177,143.9515270015,明治村赤坂離宮正門哨舎
35.3416231182,136.9903412461,143.9516324418,旧札幌電話交換局舎
35.3432055347,136.9921051477,143.9517612033,明治村シアトル日系福音教会
35.3405785980,136.9894925175,143.9517706601,明治村二重橋飾電燈
35.3417128231,136.9906845689,143.9518118305,明治村京都七條巡査派出所
35.3403439711,136.9893170114,143.9518124172,明治村鉄道局新橋工場
35.3399750986,136.9898018656,143.9524161065,明治村学習院長官舎
35.3391265390,136.9889676401,143.9524260524,旧日本聖公会京都聖約翰教会堂
35.3401740056,136.9902084737,143.9525630441,旧西郷従道住宅（旧所在　東京都目黒区上目黒） 
35.3415749838,136.9916287065,143.9525770054,明治村北里研究所本館
35.2416985680,136.8917296683,143.9526048202,白山社本殿
35.3403638489,136.9905821000,143.9526930653,明治村森鴎外・夏目漱石住宅
35.3424020158,136.9928973913,143.9528895763,明治村宗教大学車寄
35.3421525943,136.9928061962,143.9530014135,明治村神戸山手西洋人住居
35.3418222191,136.9925487041,143.9530528716,明治村長崎居留地二十五番館
35.3414458961,136.9922509789,143.9531083607,明治村芝川家住宅主屋
35.2414111088,136.8921701483,143.9531194640,高田寺本堂
35.1346902748,136.7858128133,143.9535758868,蟹江町まちなか交流センター 『みちくさの駅　楽人(がくと)』
35.3393818787,136.9909802669,143.9536689002,明治村東京盲学校車寄
35.3409170889,136.9929131591,143.9539505332,明治村幸田露伴住宅蝸牛庵
35.3412511824,136.9933084896,143.9539939299,明治村茶室亦楽庵
35.3418199423,136.9939123487,143.9540189064,旧菅島燈台付属官舎
35.3410800075,136.9933748627,143.9541618878,旧西園寺家興津別邸（坐魚荘） 
35.3416670311,136.9941437020,143.9542906331,旧品川燈台
35.3312297353,136.9852606607,143.9553876642,ヒトツバタゴ自生地
35.2609337753,136.9153654575,143.9556954172,神明公園
35.1868244881,136.8428872153,143.9569472318,實成寺
35.1313498011,136.7899432052,143.9588575471,甘強味淋
35.1315014425,136.7923346036,143.9604379894,海部水郷地帯の酒
35.3342079000,136.9954133034,143.9604619994,入鹿池
35.3341378799,136.9954454899,143.9605342660,入鹿池
35.1303115321,136.7913592361,143.9605925043,山口家住宅
35.1795919175,136.8417630618,143.9612743945,下萱津のフジ
35.1003540765,136.7649579048,143.9631859357,三ツ又池公園
35.2538383805,136.9198435884,143.9638802384,名古屋空港・地元産品コーナー
35.1929697619,136.8592028668,143.9641188364,柴田家住宅主屋
35.1931391311,136.8620753288,143.9660276457,【尾張】西枇杷島問屋記念館
35.2151479262,136.8863381035,143.9675863992,庄内緑地公園・グリーンプラザ
35.2970889888,136.9688942220,143.9679569129,ＪＡ尾張中央桃選果場
35.2970889888,136.9688942220,143.9679569129,もも産地ＪＡ尾張中央・果実共同選果場
35.3191697005,136.9952630997,143.9709880531,兒（ちご）の森
35.3191602869,136.9954013293,143.9710924607,兒（ちご）の森
35.2920633796,136.9715781360,143.9734086262,高根遺跡
35.1746598879,136.8540587642,143.9734492885,中村公園豊頌軒
35.1747870492,136.8542331078,143.9734823712,中村公園記念館
35.3223565377,137.0057553749,143.9761549569,大山廃寺跡
35.2940845308,136.9785000603,143.9768731159,グリーンセンター桃花台店
35.0845438051,136.7743349075,143.9810056920,飛島村大宝排水機場保存館
35.2406749919,136.9322116260,143.9819340199,エアフロントオアシス（空港南側）
35.3116845715,137.0055735111,143.9835715906,市民四季の森
35.3116670616,137.0057559013,143.9837129533,市民四季の森
35.1156522695,136.8125295639,143.9859194074,農業文化園・戸田川緑地
35.1153802097,136.8125081062,143.9860969851,農業文化園と戸田川緑地公園
35.2718206223,136.9736711691,143.9892050549,グリーンセンター春日井中央店
35.2560978728,136.9597560167,143.9904899890,朝宮公園
35.0830732326,136.7864370346,143.9905870597,海部南部味噌
35.2560190242,136.9598203897,143.9905912660,朝宮公園
35.2538900822,136.9596004486,143.9919418004,【尾張】春日井・小牧でゆったり
35.3033319900,137.0092128480,143.9920508554,大草のマメナシ自生地
35.1099920458,136.8161831308,143.9925078142,ＪＡなごや南陽店
35.2270422973,136.9353488488,143.9937968345,白山神社古墳・御旅所古墳（御旅所古墳）
35.2273424906,136.9367761585,143.9945930270,白山神社古墳・御旅所古墳（白山神社古墳）
35.2259720209,136.9366262245,143.9954567785,二子山古墳
35.1862098681,136.8974507670,143.9959191424,乃木倉庫
35.2629267490,136.9749265909,143.9963831430,三つ又ふれあい公園
35.2323157971,136.9450349868,143.9969104650,グリーンセンター味美店
35.1856004444,136.8990558901,143.9974843287,名古屋城
35.1847967331,136.8984106978,143.9975974877,特別史跡　名古屋城跡
35.1840559726,136.8976994307,143.9976194214,名古屋城のカヤ
35.2984864164,137.0123999284,143.9977307117,くりの木ランチ
35.1855047215,136.9006153945,143.9986536777,名古屋城旧二之丸東二之門
35.1605165588,136.8769040520,143.9995962095,筧家住宅主屋
35.1851487356,136.9027137668,144.0003879029,名古屋城二之丸庭園
35.1750934855,136.8927226141,144.0004484433,伊藤家住宅
35.1828908692,136.9007666513,144.0006107130,名古屋城二之丸大手二之門
35.1553248089,136.8743931079,144.0014988548,善行寺
35.2716776044,136.9922807147,144.0024624436,落合公園の桜
35.2716776044,136.9922807147,144.0024624436,落合公園の桜
35.1775330707,136.8993019151,144.0033686440,東照宮社殿
35.1366909636,136.8585696359,144.0035200608,観音寺多宝塔
35.1681782905,136.8922298473,144.0049957591,旧加藤商会ビル
35.1814701019,136.9065356073,144.0056914326,名古屋市庁舎
35.1753821383,136.9009008914,144.0060206498,料亭河文
35.1802441706,136.9065504928,144.0065697011,愛知県庁舎
35.3178828329,137.0461070538,144.0078574675,あい農パーク春日井（春日井市ふれあい農業公園）
35.1815228547,136.9101367751,144.0081979182,旧名古屋控訴院地方裁判所区裁判所庁舎
35.1936039757,136.9256319582,144.0105937358,石原家住宅
35.1807513256,136.9143275083,144.0117043549,カトリック主税町教会
35.3270781919,137.0614467554,144.0122089715,内々神社庭園
35.1067746737,136.8418030019,144.0128708619,愛知県立惟信高等学校正門門柱（旧愛知県惟信学校正門）
35.0497433936,136.7845916748,144.0129041881,弥富野鳥園
35.3258791743,137.0613053194,144.0129563692,内々神社社殿
35.0497521768,136.7847740650,144.0130266398,弥富野鳥園
35.1830188238,136.9185865861,144.0131081245,金城学院高等学校榮光館
35.1723153214,136.9083542561,144.0134562174,名古屋テレビ塔
35.1802156660,136.9187488168,144.0152067685,旧川上貞奴邸
35.1683021593,136.9075436050,144.0157243876,オリエンタルビル屋上観覧車
35.1816499069,136.9236633686,144.0176634358,名古屋陶磁器会館
35.1861447067,136.9321263869,144.0204610815,日本福音ルーテル復活教会
35.1745015000,136.9219320530,144.0214999254,日本陶磁器センター
35.1526273544,136.9006063742,144.0219209877,崇覚寺本堂
35.1793858432,136.9274689794,144.0219543230,建中寺徳川家霊廟
35.1842077101,136.9323239399,144.0219715167,徳川園・蓬左文庫旧書庫・蘇山荘
35.2198618515,136.9680711368,144.0220015667,小野道風誕生伝説地
35.1969400542,136.9452453290,144.0220903098,長母寺
35.1794591061,136.9280506735,144.0223134077,建中寺徳興殿（旧名古屋商業会議所本館）
35.1800388090,136.9294653333,144.0229025098,東海学園大講堂
35.1837461172,136.9331886038,144.0229090701,徳川美術館
35.1835445123,136.9336385128,144.0233696051,徳川美術館本館
35.1728495124,136.9239116823,144.0240676378,名古屋カテドラル聖ペトロ聖パウロ大聖堂
35.3035858449,137.0551621914,144.0243687316,少年自然の家
35.3035946007,137.0552480221,144.0244232523,少年自然の家
35.1511125389,136.9028701390,144.0245922141, 真宗大谷派名古屋別院東門及び土塀
35.1686095069,136.9217251466,144.0255241864,神谷家住宅
35.1838416301,136.9387254739,144.0267532340,愛知県立旭丘高等学校正門門柱（旧愛知県立第一中学校正門）
35.3025526517,137.0583057404,144.0273225983,都市緑化植物園 (グリーンピア春日井)
35.3025570297,137.0584237576,144.0274029807,都市緑化植物園（グリーンピア春日井）
35.1031701733,136.8602205306,144.0284252569,荒子川公園ガーデンプラザ
35.2682571651,137.0256042480,144.0284425342,ファーマーズマーケットぐぅぴぃひろば 
35.2438652522,137.0029547845,144.0296788964,密蔵院多宝塔
35.2232771756,136.9845517830,144.0312333349,龍泉寺仁王門
35.1575194012,136.9197945993,144.0320105799,名古屋大学医学部附属病院門及び外塀
35.1566975228,136.9191246717,144.0321191640,名古屋市公会堂
35.1551028879,136.9194835915,144.0335014842,鶴舞公園
35.1538859574,136.9239544928,144.0375208983,八幡山古墳
35.2045305145,136.9750056640,144.0377491935,無縫塔
35.1314866540,136.9031942936,144.0387159050,断夫山古墳
35.1491806231,136.9240672431,144.0409313184,旧藤山家住宅日本家
35.0727345793,136.8489432335,144.0420234460,藤前干潟
35.0726731142,136.8489539623,144.0420745608,藤前干潟
35.1677044128,136.9481322859,144.0448197248,爲三郎記念館
35.1259259816,136.9079741440,144.0460284633,龍影閣（旧名古屋博物館品評所）
35.1252233923,136.9082287243,144.0467056925,又兵衛（旧坂上家住宅）
35.1715945332,136.9550145397,144.0469289295,草結庵
35.1737263594,136.9575560610,144.0472159103,日泰寺奉安塔
35.1680199770,136.9522683545,144.0475184718,松楓閣
35.2552091808,137.0443738966,144.0509410036,志段見古墳群
35.2111553221,137.0053929515,144.0545391589,どうだん亭（旧浅井家住宅離れ）
35.0934735249,136.8875996767,144.0546218688,名古屋港跳上橋（旧1・2号地間運河可動橋）
35.1669901609,136.9614264938,144.0547175860,愛知学院大学楠元学舎第1号館
35.2516471858,137.0483279228,144.0562556376,東谷山フルーツパーク
35.2516515665,137.0483601093,144.0562752997,東谷山フルーツパーク
35.1320615312,136.9302031440,144.0573837899,愛知県立瑞陵高等学校正門門柱（旧愛知商業学校正門）
35.2185296115,137.0199660318,144.0596242215,旭サナック本館(旧旭兵器製造本社事務棟)
35.2814352434,137.0835071635,144.0600758983,旧中央線玉野第三隧道
35.2842419305,137.0867800713,144.0604070754,旧中央線玉野第四隧道
35.2862737404,137.0894944668,144.0608910037,旧中央線傘石洞暗渠
35.1429163808,136.9468638948,144.0614681281,鈴木家住宅主屋
35.2212305404,137.0271331072,144.0627804479,長池
35.2210640105,137.0276319981,144.0632509161,【尾張】城山公園及び長池・維摩池
35.2204329468,137.0273154974,144.0634735044,城山公園
35.1421400217,136.9507335473,144.0647511505,川原田家住宅
35.1349488741,136.9435464150,144.0647645077,東山荘
35.1425703404,136.9512815626,144.0648336850,南山学園ライネルス館
35.1401969734,136.9498502019,144.0655024842,旧渡辺家書院及び茶室
35.2803577037,137.0908945799,144.0660630948,定光寺
35.2803533246,137.0908999443,144.0660699848,【尾張】定光寺
35.2803252658,137.0911115102,144.0662394727,定光寺本堂
35.2253181742,137.0363553239,144.0664092321,維摩（いま）池
35.1345287370,136.9459038393,144.0667270801,暮雨巷
35.2409487675,137.0525658131,144.0668171962,森林公園
35.2409224797,137.0527052879,144.0669344070,森林公園
35.2804612499,137.0923535992,144.0670219688,源敬公（徳川義直）廟
35.1533460546,136.9680999012,144.0690883824,名古屋大学豊田講堂
35.1231454534,136.9421163526,144.0721098895,大曲輪貝塚
35.2152114203,137.0348666361,144.0725047579,尾張旭グリーンセンター及び産直センター
35.1399034078,136.9624821735,144.0746336404,興正寺五重塔
35.1052586782,136.9315908671,144.0773393005,富部神社本殿
35.1542680380,136.9821702276,144.0783769460,名古屋市東山植物園温室前館
35.0954064455,136.9347099663,144.0865175541,七所神社本殿
35.1565316474,137.0115140417,144.0975097203,梵音寺本堂
35.1565053323,137.0119271019,144.0978202334,蓮教寺
35.0439111392,136.9057416916,144.1025321480,【知多】聚楽園公園
35.1785403024,137.0430395661,144.1042202821,長久手古戦場附御旗山
35.1828812044,137.0479849254,144.1046454351,長久手グリーンセンター
34.9548385426,136.8228721619,144.1071765547,新舞子マリンパーク（知多市）
34.9547725921,136.8229687214,144.1072914111,新舞子マリンパーク
35.1860609098,137.0549418274,144.1073141878,長久手古戦場附色金山
35.0649855498,136.9336799137,144.1073307804,萬乗醸造
35.1837331275,137.0527380312,144.1074027666,長久手古戦場附首塚
34.9991101188,136.8679225445,144.1075803274,【知多】知多市歴史民俗博物館
34.9990708398,136.8680367837,144.1076887692,知多市歴史民俗博物館（知多市）
35.0153499202,136.8847990036,144.1079830730,東海フラワーショウ
35.2069210635,137.0775824468,144.1085680805,瀬戸グリーンセンター とれたて館
34.9876665048,136.8581378460,144.1087857654,【知多】妙楽寺
35.0646479180,136.9362574170,144.1093897845,大高城跡　附　丸根砦跡　鷲津砦跡 
34.9920525337,136.8640065193,144.1098182994,【知多】牟山神社
34.9618465794,136.8336921930,144.1098404971,【知多】日長神社
35.0618407066,136.9343357035,144.1100208134,春江院
35.2281269042,137.1012573400,144.1103155978,旧山繁商店
34.9957571826,136.8687486649,144.1105391359,【知多】栖光院
35.2302708469,137.1041661501,144.1108570622,ノベルティ・こども創造館
35.1735061857,137.0480095297,144.1112942513,長久手古戦場
35.1732733560,137.0484888554,144.1117977572,【尾張】長久手市郷土資料室
35.2254506440,137.1007436514,144.1118444200,瀬戸蔵
35.2404677022,137.1157828208,144.1118647234,道の駅瀬戸しなの
35.2253892941,137.1007490158,144.1118915883,【尾張】瀬戸蔵
35.0786257957,136.9539280380,144.1119702303,瑞泉寺総門
35.1844792594,137.0603791471,144.1122766329,長久手温泉ござらっせ
35.0231259561,136.8990790844,144.1125526357,【知多】弥勒寺
35.1851565490,137.0617617708,144.1127750180,あぐりん村
35.1851565490,137.0617617708,144.1127750180,あぐりん村
35.0195587365,136.8965792656,144.1133153423,【知多】観福寺
35.2246950851,137.1022365241,144.1134343782,新世紀工芸館
35.2264365448,137.1054759482,144.1144941687,瀬戸永泉教会礼拝堂
35.2171460774,137.0987319946,144.1162932993,【尾張】瀬戸市南公園・萩殿の森
35.2246136523,137.1073043346,144.1170760134,瀬戸染付工芸館
35.0132658224,136.8975256439,144.1184413903,観福寺本堂内宮殿
34.9811617408,136.8653690815,144.1184974252,【知多】福生寺
35.0132027930,136.8975587218,144.1185093884,観福寺本堂
35.0221287318,136.9068038464,144.1187113443,東海市立農業センター
35.0221243387,136.9068360329,144.1187371745,東海市立農業センター
35.2147093256,137.1015912294,144.1200381561,瀬戸市南公園・萩殿の森
34.9326034564,136.8262656176,144.1253331354,常滑市大野町のイブキ
35.1141216758,137.0109380587,144.1271131655,名古屋市農業センター delaふぁーむ
35.1141216758,137.0109380587,144.1271131655,名古屋市農業センターdelaふぁーむ
34.9671127109,136.8653348472,144.1284296839,旧岡田医院
34.9666091933,136.8657119912,144.1290526074,旧中七木綿本店
34.9656317251,136.8666082621,144.1303776684,【知多】岡田地区
34.9647747180,136.8672927532,144.1314679473,知多岡田簡易郵便局
35.0672141453,136.9704699881,144.1317317432,中濱家住宅
34.9648585361,136.8678162818,144.1317778910,木綿蔵ちた
35.0666740497,136.9709537095,144.1324557412,住宅（服部家）
35.1289325882,137.0334516168,144.1325399808,旧市川家住宅主屋
35.2401776557,137.1448123455,144.1326041843,【尾張】岩谷堂公園
35.0663583800,136.9708557847,144.1326100816,棚橋家住宅主屋
35.2400888168,137.1448672531,144.1327058180,岩屋堂公園
35.0664941116,136.9711734245,144.1327383026,服部幸平家住宅　倉
35.1310835947,137.0395570993,144.1353324953,農産振興クラブ 及び日進野菜研究会
34.9724849878,136.8820416927,144.1364097202,【知多】浄蓮寺
34.9718695803,136.8820953369,144.1368836718,【知多】正法院
34.9719091424,136.8822079897,144.1369351210,【知多】誕生堂
34.9709596479,136.8818432093,144.1373505950,【知多】如意寺
34.9714205000,136.8824206330,144.1374314274,【知多】密厳寺
35.1737118497,137.0890331268,144.1401491174,愛・地球博記念公園（モリコロパーク）
35.1737337743,137.0890867710,144.1401715377,【尾張】愛地球博記念公園
35.0599738151,136.9809135056,144.1442332444,桶狭間古戦場伝説地
34.9623903250,136.8832485702,144.1444148585,【知多】水の生活館
35.1864797489,137.1082270145,144.1446910119,【尾張】２００５年記念と長久手
35.2223124595,137.1449928451,144.1453595284,雲興寺鐘楼
34.9670164909,136.8900078535,144.1459056176,佐布里緑と花のふれあい公園（知多市）
35.1879089974,137.1113973856,144.1459221803,あいち海上の森センター
35.1878783083,137.1113705635,144.1459249142,あいち海上（かいしょ）の森センター
34.9669021936,136.8900346756,144.1460055371,佐布里緑と花のふれあい公園
35.0992480717,137.0263552666,144.1485316738,【尾張】涼松せせらぎの道
35.0992217381,137.0263445377,144.1485427300,涼松（すずみまつ）せせらぎの道
34.9622070770,136.8908607960,144.1499155565,佐布里池
34.9621015657,136.8909895420,144.1500811653,佐布里池（知多市）
35.0052048161,136.9369840622,144.1520023470,おはよう君
34.9145059260,136.8514860143,144.1559502357,【知多】前山ダム公園
34.9145521233,136.8516317154,144.1560202422,前山ダム公園
34.9145521233,136.8516317154,144.1560202422,前山ダム公園
34.9130917783,136.8512932086,144.1568168129,前山ダム
35.0214594414,136.9617798713,144.1579943490,収穫体験〔ぶどう狩り〕
35.0335104235,136.9739341736,144.1580421278,豊明フレッシュセンター 及び西部産直センター
35.0004767415,136.9410932064,144.1582519562,【知多】常福寺
35.2176268451,137.1627891100,144.1612601365,瀬戸窯跡
35.0732506129,137.0189983984,144.1617342510,豊明のナガバノイシモチソウ
34.9231786564,136.8692642122,144.1623413003,篭池古窯
34.9988508534,136.9476270676,144.1640157623,【知多】あいち健康の森
34.9931380176,136.9430619478,144.1648399775,ＪＡあぐりタウン げんきの郷
34.9931072551,136.9432175159,144.1649715771,ＪＡあぐりタウン　げんきの郷（大府市）
35.0857025350,137.0371809368,144.1657663379,祐福寺一里塚
34.9478317015,136.8992505426,144.1660221573,草木農産物直売所
35.0130477203,136.9652250409,144.1663838649,大倉公園休憩棟（旧大倉和親別荘離れ）
35.0126479041,136.9658526778,144.1671101317,大倉公園茅吹門（旧大倉和親別荘表門）
35.0477825903,137.0036100625,144.1688934920,阿野一里塚
35.0973388935,137.0537358154,144.1692286635,東郷町文化産業まつり
35.1308247482,137.0889151096,144.1703996612,愛知牧場
35.1308115865,137.0890760422,144.1705227251,愛知牧場
35.0840601978,137.0449533557,144.1724199484,祐福寺勅使門
34.9903235773,136.9518892508,144.1730644706,東浦ぶどう　ぶどう狩り
35.0875814185,137.0498449762,144.1733842046,東郷グリーンセンター
35.1168896914,137.0801925659,144.1740923824,愛知池
35.1169160194,137.0804929733,144.1742860734,【尾張】愛知池
34.8852280283,136.8486474835,144.1747064996,大善院のイブキ
35.0410161649,137.0062979604,144.1755821984,愛知豊明花き地方卸売市場
35.0410161649,137.0062979604,144.1755821984,愛知豊明花き地方卸売市場
35.1930713483,137.1588699623,144.1758453525,猿投山の球状花崗岩
34.8817032412,136.8486283774,144.1771923169,窯のある広場・資料館（倒焔式角窯）
35.1189016877,137.0878597434,144.1780880258,黒笹七号窯
35.2011664913,137.1709937178,144.1786986110,猿投山と菊石
35.2011664913,137.1709937178,144.1786986110,猿投山・菊石
34.9919426661,136.9677382708,144.1831056068,【知多】極楽寺
34.9018060178,136.8781900406,144.1837875096,（いちご狩り）澤田農園
34.9865326034,136.9687306881,144.1876380305,【知多】傳宗院
34.9776893917,136.9615316391,144.1888200539,【知多】於大公園
34.9854496043,136.9696027626,144.1890207241,入海貝塚
35.0107323940,136.9971314381,144.1905511175,刈谷西部の縄文遺跡（天子神社貝塚）
35.0118632799,137.0000546190,144.1918144316,刈谷西部の縄文遺跡（八ツ崎貝塚）
34.9396685313,136.9288301468,144.1926776875,【知多】ふれあいの森
34.9291134706,136.9188498104,144.1931152831,グリーンプラザあぐい （農産物の直売）
34.9727135665,136.9626367092,144.1931247105,東浦町郷土資料館「うのはな館」
35.2053429280,137.1959406137,144.1933946584,【豊田加茂】金剛寺しだれ桜
35.2052596469,137.1959406137,144.1934535169,しだれ桜（金剛寺）
35.0638706061,137.0569614682,144.1951920221,小堤西池のカキツバタ群落
34.9920173761,136.9854730368,144.1955728877,刈谷市歴史博物館
35.0826210811,137.0765340328,144.1957525356,保田ケ池公園
35.0825245047,137.0764803886,144.1957829648,保田ケ池公園
35.0630576424,137.0572757721,144.1959894244,小堤西池のカキツバタ群落
35.0928135577,137.0879396895,144.1966009096,三好公園
35.0928135577,137.0879396895,144.1966009096,三好公園
34.9886158056,136.9837510586,144.1967662496,刈谷市亀城公園
35.0413777023,137.0372947520,144.1972191930,でんまぁと刈谷南 産直センター刈谷中部 産直センター刈谷北部
34.9984774200,136.9943083657,144.1972359548,刈谷西部の縄文遺跡（山の神遺跡）
34.8975207533,136.8938219547,144.1978509402,（いちご狩り）市野園芸
34.9878375830,136.9864110870,144.1991953486,刈谷市郷土資料館（旧亀城小学校本館）
35.0203078390,137.0192470600,144.1993883818,刈谷西部の縄文遺跡（芋川遺跡）
35.1491608263,137.1493694813,144.2001715946,うめこう桃梨苺園
34.9096334319,136.9106351757,144.2011255047,黒牛の里（半田市）
34.9396867334,136.9414352508,144.2015594964,板山長根古窯
34.9104902520,136.9126081467,144.2019100821,矢勝川堤に咲く百万本の彼岸花
34.9165046392,136.9189062579,144.2020907591,蓮慶寺
35.1752105959,137.1783648849,144.2022601216,旧龍性院庭園
34.8980927214,136.9009244442,144.2024553630,（いちご狩り）ベリーガーデンズ
35.2005649262,137.2076195424,144.2050340549,豊田市藤岡民俗資料館（旧藤岡中学校特別教室棟）
34.8908636310,136.8974590302,144.2051353199,ファーマーズマーケット　ブリオ
34.9908324499,136.9979319433,144.2052082746,愛知製鋼刈谷工場旧試作工場（旧豊田自動織機製作所自動車部試作工場）
34.8908998639,136.8977830722,144.2053381965,ファーマーズマーケット「ブリオ」（半田市）
35.0408982302,137.0484995842,144.2054733397,【西三河】刈谷ハイウェイオアシス
35.0410475607,137.0486605167,144.2054813210,刈谷ハイウェイオアシス
35.1988787099,137.2084424036,144.2068079072,旧山内家住宅
34.9788731398,136.9899684175,144.2080556599,刈谷西部の縄文遺跡（本刈谷貝塚）
34.8555163798,136.8669160464,144.2086560509,多賀の里
34.8555163798,136.8669160464,144.2086560509,多賀の里　農畜産物直売所
35.2709805577,137.2835971675,144.2090608417,西村自然農園
34.8558708097,136.8680740005,144.2092212200,多賀神社の社叢
34.8557431165,136.8679869175,144.2092503620,【知多】多賀大社
35.1601054817,137.1734393778,144.2094549190,池田第一号墳
35.0752638403,137.0906430879,144.2109283605,緑と花のセンター「さんさんの郷」
35.0752638403,137.0906430879,144.2109283605,緑と花のセンター「さんさんの郷」
34.9830472881,136.9982717705,144.2109615418,愛知県立刈谷高等学校正門門柱（旧愛知県刈谷中学校正門）
35.0442449240,137.0597541332,144.2110549224,阿地和池
35.0442317483,137.0598828793,144.2111551990,【豊田加茂】阿地和池
35.2754970818,137.2922436685,144.2119932546,大福魚苑
34.9279945187,136.9463490388,144.2133115298,大高山古窯
34.9346552150,136.9555020332,144.2150511374,【知多】福住寺
35.1474041976,137.1694872765,144.2156398647,舞木廃寺塔跡
34.8408673904,136.8651974201,144.2178322000,【知多】潮干狩り（大谷）
34.8699077883,136.8953356670,144.2184934339,壱町田湿地植物群落
34.8699471664,136.8956136703,144.2186615825,【知多】壱町田湿地
34.8699427652,136.8959569931,144.2189068360,壱町田湿地
34.9014942421,136.9289887651,144.2198419954,半田赤レンガ建物(旧カブトビール工場)
35.0128684859,137.0407925050,144.2198714942,知立神社
35.0124357938,137.0413506289,144.2205720008,知立神社多宝塔
34.8981191198,136.9273710251,144.2210927581,【知多】龍台院
35.1685111622,137.1983385086,144.2211237548,愛知県緑化センター・昭和の森
35.2237794548,137.2537699628,144.2212873866,たまご村
34.9945748761,137.0246205652,144.2214028103,萬福寺
34.9946768913,137.0250442501,144.2216297602,万福寺のイブキ
35.2619683733,137.2924606244,144.2217006857,小原村前洞の四季桜
34.8981390232,136.9283835064,144.2217929311,摂取院のイブキ
34.8964966889,136.9272962678,144.2221899019,旧中埜家住宅
34.8916766218,136.9240365669,144.2233065975,愛知県立半田商業高等学校正門門柱（旧愛知県知多郡立高等女学校正門）
34.9125489935,136.9454276562,144.2236060429,【知多】海蔵寺
34.8835546952,136.9176721573,144.2245738534,【知多】常楽寺
34.9059240467,136.9407872318,144.2250266536,【知多】光照寺
34.8956112308,136.9337493181,144.2273699277,【知多】光照院
34.8273157234,136.8661218032,144.2280943912,盛田味の館
34.8273157234,136.8661218032,144.2280943912,盛田味の館
34.8272351843,136.8660557270,144.2281049245,【知多】味の館
34.8953824371,136.9349777699,144.2283987362,國盛 酒の文化館
34.8953472380,136.9349724054,144.2284198979,國盛　酒の文化館（半田市）
34.8930018154,136.9334225148,144.2289887434,小栗家住宅
34.8250245817,136.8653583527,144.2291810290,【知多】潮干狩り（小鈴谷）
34.8931208651,136.9340765476,144.2293657740,MIZKAN MUSEUM
34.8931164651,136.9342160225,144.2294672889,MIZKAN MUSEUM
34.8924608616,136.9346129894,144.2302119874,半田運河
34.8924696617,136.9347310066,144.2302890090,半田運河（半田市）
34.8235996576,136.8672211095,144.2315048407,【知多】小脇公園
34.8236766261,136.8673156751,144.2315169236,小脇公園
34.8236766261,136.8673156751,144.2315169236,小脇公園
34.9725289453,137.0171070099,144.2317086680,【西三河】フローラルガーデンよさみ
34.9715311042,137.0172035694,144.2324834852,【西三河】依佐美送信所記念館
34.8161859819,136.8624240160,144.2333809304,知多半島の潮干狩り （坂井海岸）
34.8162432354,136.8625366688,144.2334197395,【知多】潮干狩り（坂井）
34.8163010064,136.8627972877,144.2335624924,知多半島の潮干狩り（常滑市）
34.8160292053,136.8625774420,144.2336002829,坂井海岸（常滑市）
34.9180280139,136.9657448708,144.2340601491,【知多】東光寺
34.9436481827,136.9915777445,144.2341415342,【西三河】吉浜細工人形
35.0033263485,137.0551360273,144.2367571930,旧東海道「池鯉鮒」の松並木
35.1939106898,137.2464573383,144.2372160351,【豊田加茂】ふじの回廊
35.1938712352,137.2464466095,144.2372363222,ふじの回廊
34.8068330560,136.8586437280,144.2373497895,知多半島の潮干狩り （上野間潮干狩り場）
34.8067297881,136.8586206436,144.2374067639,【知多】潮干狩り（上野間）
35.0011346086,137.0538791119,144.2374210791,JAあいち中央　グリーンセンター知立
34.9182586518,136.9715309143,144.2379798616,【知多】海潮院
35.2385828333,137.2937393188,144.2391219970,和紙のふるさと
35.2377153068,137.2936642170,144.2396815563,和紙のふるさと
35.1001420611,137.1575241285,144.2406019023,安長寺山門
34.7997085121,136.8581914902,144.2420844714,【知多】潮干狩り（奥田北）
34.7996469645,136.8581895924,144.2421267904,知多半島の潮干狩り （奥田北潮干狩り場）
34.8558503090,136.9147827081,144.2421747532,武豊町歴史民俗資料館（武豊町）
35.0091077957,137.0690978779,144.2425259958,八橋伝説地
34.7957037862,136.8567617477,144.2439173308,知多半島の潮干狩り （奥田中潮干狩り場）
34.7955853260,136.8567752838,144.2440109001,【知多】潮干狩り（奥田中）
35.2321973765,137.2958354230,144.2451158871,緑の公園
34.8574087686,136.9209188889,144.2453977581,三井家住宅
35.0869488759,137.1519170500,144.2459692300,喜楽亭
35.2447471571,137.3102608855,144.2464651084,四季桜・四季の回廊
34.8462873885,136.9113782682,144.2465533684,グリーンセンター武豊
35.1223055949,137.1895976617,144.2476071361,旧井上家住宅西洋館
35.1512242866,137.2185595307,144.2476465729,名鉄三河線旧三河広瀬駅舎
35.1203857484,137.1882147134,144.2479866225,枝下（しだれ）用水
34.8553095404,136.9225746884,144.2480537518,中定商店
35.0315208928,137.0993965125,144.2480668485,浄照寺
34.9214432192,136.9895982742,144.2484743902,【西三河】鬼のみち
35.0017887400,137.0702240435,144.2485024169,来迎寺一里塚
35.0015181939,137.0700928935,144.2486012976,来迎寺一里塚
35.0843287081,137.1544200182,144.2495918575,ＪＡあいち豊田各産直店
34.7799452996,136.8496513367,144.2500843675,【知多】潮干狩り（奥田南）
34.7800422328,136.8497800827,144.2501063409,知多半島の潮干狩り （奥田南潮干狩り場）
35.0804070533,137.1517417289,144.2504724452,七州城址公園・豊田市美術館
35.0797983700,137.1516090631,144.2508092067,七州城址(しちしゅうじょうし)公園＆豊田市美術館
35.0874662745,137.1608870047,144.2519443518,豊田市青少年相談所（旧愛知県蚕業取締所第九支所）
35.0425935542,137.1161878109,144.2520958921,竹村駅近くのビオトープ　（豊田市竹町上沖）
35.0425144984,137.1163058281,144.2522352251,【豊田加茂】竹村駅近くのビオトープ
34.9280387283,137.0028293612,144.2531406391,JAあいち中央　産直センター高浜
34.7692250725,136.8467194878,144.2556234312,野間郵便局旧局舎
34.8469461768,136.9249575770,144.2556632863,旧武豊港駅転車台
34.8010035728,136.8797671795,144.2563752587,ジョイフルファーム鵜の池
34.8008361852,136.8797028065,144.2564485954,ジョイフルファーム鵜の池（美浜町）
34.8450427307,136.9243070537,144.2565538883,旧国鉄武豊港駅転車台
34.8007254575,136.8798284662,144.2566157139,【知多】ジョイフルファーム鵜の池
34.9465781052,137.0285428762,144.2581608325,都市に広がる集団農地
34.8016913871,136.8833297533,144.2583989725,鵜の池（美浜町）
34.7709299104,136.8529978615,144.2588386723,大御堂寺客殿
34.7709668984,136.8533582467,144.2590664214,史跡大御堂寺
35.1413949732,137.2256635648,144.2596195772,如意寺
34.9025034984,136.9864336078,144.2596593927,伝統食品工場見学 ［七福醸造㈱ありがとうの里］
34.8022302023,136.8863224940,144.2601266897,鵜の山ウ繁殖地
34.7577622175,136.8444961309,144.2621893113,野間崎灯台（美浜町）
34.9058183009,136.9960516691,144.2640984843,伝統食品工場見学 ［ヤマシン㈱白しょうゆ醸造工場］
34.7563342583,136.8470978737,144.2650359027,食と健康の館
34.7562112190,136.8471660015,144.2651712094,食と健康の館（美浜町）
34.7724502529,136.8647843599,144.2660671919,【知多】法山寺
34.7551619030,136.8498229980,144.2677880958,【知多】良参寺
35.1397671497,137.2359571946,144.2680515678,名鉄三河線旧西中金駅
34.8868325772,136.9843782234,144.2693125921,熊野神社射小屋並びに南山矢取塚
34.8837201607,136.9828644440,144.2704498518,伝統食品工場見学 [スギ製菓　株式会社　工場]
34.9897231372,137.0900759702,144.2710655534,JAあいち中央 ファーマーズマーケット でんまぁと安城北部 
34.9341712194,137.0343982399,144.2710815474,榎前のクロガネモチ
34.7891622600,136.8896162510,144.2717168646,美浜町民の森（美浜町）
34.7891754767,136.8896538019,144.2717339627,美浜町民の森
35.1174713070,137.2242321295,144.2755188952,鷹見の里（たきみのさと）ビオトープ
34.8741161152,136.9807746583,144.2757808819,九重味淋大蔵
34.8739810592,136.9808843488,144.2759539822,伝統食品工場見学 [九重みりん時代館・九重味淋大蔵]
34.9046744682,137.0130729675,144.2769218728,【西三河】油ヶ淵
34.8853394367,136.9938537720,144.2770569565,愛知県立碧南高等学校正門門柱（旧愛知県碧南国民学校正門）
34.9046832670,137.0133626461,144.2771200929,油ヶ淵
35.0874673122,137.1972227097,144.2776330713,自然観察の森
35.0874102478,137.1973139048,144.2777379053,自然観察の森
34.9677012876,137.0791374755,144.2789292941,愛知県立安城農林高等学校正門門柱（旧愛知県安城農林学校正門）
34.8656995063,136.9770857682,144.2791426544,伝統食品工場見学 [株式会社　角谷文次郎商店]
34.9867699329,137.0997405052,144.2799826764,【西三河】明治川神社
34.9865918239,137.0999371518,144.2802476551,明治用水（明治川神社から中井筋）
34.9864710735,137.1003842354,144.2806489369,【西三河】明治用水沿線の桜並木、梨畑
35.0053070622,137.1207385927,144.2816967803,明治緑道水車公園の三連水車
35.0051476942,137.1207368374,144.2818083245,明治緑道（水車公園）
34.9673066293,137.0828318596,144.2818178460,明治用水
34.9672897705,137.0830553239,144.2819876037,明治用水（明治用水歴史資料室・豊田安城自転車道）
34.9870535032,137.1035405412,144.2824662497,永安寺の雲竜の松
34.8050912502,136.9214808941,144.2828866767,【知多】潮干狩り（上村）
34.8049205134,136.9215063792,144.2830257129,知多半島の潮干狩り （上村潮干狩り場）
34.8510020184,136.9688165188,144.2837251151,碧南市農業活性化センター　あおいパーク
34.8507466869,136.9686126709,144.2837622782,レストランだいどころ
34.8507819051,136.9688111544,144.2838773376,碧南市農業活性化センターあおいパーク
34.8026298139,136.9210650642,144.2843388298,知多半島の潮干狩り （大池潮干狩り場）
34.8025364756,136.9212448597,144.2845317922,【知多】潮干狩り（大池）
35.0454581981,137.1656034028,144.2849921692,豊田大塚古墳
35.0981244959,137.2184872627,144.2851340784,鞍ヶ池公園
34.9247572134,137.0459078995,144.2858744206,神谷家住宅
34.7983870005,136.9191044569,144.2859649661,知多半島の潮干狩り （河和口潮干狩り場）
34.7983781904,136.9191366434,144.2859939081,【知多】潮干狩り（河和口）
34.9444547756,137.0702036393,144.2890795063,都市に広がる集団農地
35.1980445414,137.3252499104,144.2900609794,お須原山縁結び岩
35.1980357742,137.3253357410,144.2901279308,お須原山縁結び岩
34.8459128477,136.9729793072,144.2902687518,前浜新田の松並木
34.7482376153,136.8747568130,144.2902724561,【知多】持宝院
34.8459867175,136.9731834695,144.2903604223,碧南市前浜新田の松並木
34.9308466489,137.0608270168,144.2920949882,安城市デンパーク
34.9308290569,137.0609664917,144.2922059224,安城産業文化公園デンパーク
35.0492866658,137.1797454357,144.2922802025,水源公園
34.9305211974,137.0612132549,144.2925981640,和食処「ふるさと館」の郷土料理
34.7858051498,136.9169211388,144.2933478090,知多半島の潮干狩り （北方潮干狩り場）
34.7856994119,136.9169211388,144.2934227942,【知多】潮干狩り（北方）
34.8431949500,136.9749942082,144.2936165009,農家れすとらん葉菜の舎（はなのや） 
34.7396111948,136.8735229969,144.2955229667,【知多】如意輪寺
34.9294920585,137.0650327206,144.2960237086,産直センター「道の駅」デンパーク安城
34.7607294837,136.8962613870,144.2965680351,いちご狩り・みかん狩り
34.7332159056,136.8693676012,144.2971319760,内海海水浴場（南知多町）
34.7339905334,136.8721282482,144.2985278174,【知多】泉蔵院
34.7346655798,136.8734730523,144.2989965804,旧内田佐平二家住宅
34.7345399017,136.8738909250,144.2993802299,旧内田家住宅
35.2432135907,137.3836361172,144.2995068893,時瀬のイチョウ
35.2431087175,137.3836040497,144.2995582139,時瀬大いちょう
35.2429904256,137.3836147785,144.2996493221,時瀬大いちょう
35.0413373175,137.1835903466,144.3006209907,琴平町シデコブシ自生地
35.1426766596,137.2852790447,144.3008891187,足助みたち栗園 
34.9488170857,137.0950190065,144.3035149738,ＪＡあいち中央 産直センター安城東部
34.9904474964,137.1399056917,144.3057547462,北野廃寺跡
34.8805402849,137.0351046324,144.3095687673,【西三河】紅樹院（茶祖の寺）
35.0051267789,137.1624166767,144.3112735875,八柱神社のクスノキ
35.2033310059,137.3604941368,144.3112790036,貞観杉
35.2034000796,137.3606094031,144.3113118375,貞観杉
35.2030127776,137.3604107957,144.3114447220,杉本の貞観スギ
34.8843091932,137.0421580839,144.3118772100,八王子貝塚
34.8825689732,137.0414507389,144.3126107096,【西三河】稲荷山茶園公園
34.8825953767,137.0416116714,144.3127055942,稲荷山茶園公園
34.8788604490,137.0385563283,144.3131949697,西尾の抹茶工場見学
34.8763199248,137.0364189148,144.3134861927,【西三河】実相寺（西尾茶の始め）
34.8759733224,137.0363402052,144.3136761869,実相寺釈迦堂
34.8786473489,137.0419023978,144.3157075810,神明社の大シイ
35.0752633901,137.2397303581,144.3163203496,巴川（ともえがわ）おう穴
35.0752546096,137.2398269176,144.3163948418,【豊田加茂】巴川おう穴
34.9223897621,137.0872052989,144.3167087773,ＪＡあいち中央　産直センター安城桜井
35.0154026416,137.1811723709,144.3172582265,おかざき自然体験の森
35.0066047210,137.1724077668,144.3172883965,岩津第一号古墳
35.0153762809,137.1812045574,144.3172996236,おかざき自然体験の森
35.0711189092,137.2370910645,144.3173843216,【豊田加茂】天下峯
35.0712242800,137.2372734547,144.3174387944,天下峯
34.9290754226,137.0963934746,144.3184629815,二子古墳
35.0030167045,137.1750588245,144.3217004701,信光明寺観音堂
34.8821658371,137.0551070067,144.3225353968,愛知県立西尾高等学校通用門門柱（旧愛知県西尾中学校正門）
35.0535201274,137.2274211716,144.3229910701,松平氏遺跡
34.9998641600,137.1737424846,144.3230007300,愛知県立岩津高等学校正門旧門柱（旧岩津町立愛知県岩津農商学校正門）
35.0558650559,137.2310721874,144.3239143534,滝川ふれあい工房
35.0557596654,137.2310721874,144.3239888793,滝川ふれあい工房
35.0675186597,137.2429060936,144.3240420277,王滝渓谷
34.9485422749,137.1240767394,144.3242324434,妙源寺柳堂
34.8725681782,137.0485212350,144.3246857109,愛知県立鶴城丘高等学校正門門柱（旧愛知県蚕糸学校正門）
35.1297269704,137.3067010254,144.3251975386,足助のヒメハルゼミ
35.1344263582,137.3119653213,144.3256019925,足助八幡宮本殿
34.7203032245,136.8970738734,144.3258185651,【知多】西方寺
35.1358120877,137.3140417875,144.3260922361,中馬街道
35.1356856616,137.3140597343,144.3261942655,中馬街道
34.7274959263,136.9057287114,144.3268155984,【知多】天龍寺
34.8741692014,137.0531886347,144.3268458795,西尾市岩瀬文庫書庫、西尾市立図書館おもちゃ館
34.8743703005,137.0538586378,144.3271763317,西尾市岩瀬文庫
34.9155075460,137.0954857290,144.3274289905,姫小川古墳
34.9838876795,137.1642350405,144.3275869993,大樹寺多宝塔
35.1334833704,137.3144030571,144.3279933047,カタクリ
35.1372849661,137.3184997903,144.3282062499,中馬館
35.1372849661,137.3184997903,144.3282062499,中馬館
35.1373297910,137.3186974014,144.3283144199,旧稲橋銀行足助支店
35.1357734011,137.3171710968,144.3283340058,旧鈴木家住宅（愛知県豊田市足助町） 
34.9839508007,137.1654179928,144.3283782016,大樹寺伽藍
34.8666901793,137.0480597019,144.3285240376,西尾市歴史公園
35.1314521206,137.3131692410,144.3285554808,香嵐渓
35.1311230797,137.3129868507,144.3286589164,花もみじ
34.7516728835,136.9328047758,144.3287523554,阿奈志神社のほるとのき
34.8377490167,137.0196825914,144.3290043671,枯木宮貝塚
35.1304562194,137.3130834103,144.3291984444,【豊田加茂】香嵐渓グリーンファーム
35.1343120817,137.3169689732,144.3292234945,飯盛城址
35.1297937409,137.3139524460,144.3302814936,三州足助屋敷
35.1296489602,137.3139417171,144.3303762033,三州足助屋敷
34.9004642847,137.0852021187,144.3308207259,本證寺本堂
34.9001487054,137.0851148932,144.3309826302,本證寺のイブキ
34.8658495036,137.0507097244,144.3309899428,【西三河】尚古荘
34.9002480156,137.0853336381,144.3310667404,本證寺境内
34.8659546184,137.0510780245,144.3311754199,抹茶ラボ　西尾伝想茶屋店 
35.1391050556,137.3261740012,144.3323511342,今朝平遺跡
34.8690565663,137.0566313803,144.3328975773,【西三河】義倉蔵（ぎそうぐら）
35.1976587826,137.3855566978,144.3330303705,押井磨崖仏（おしいまがいぶつ）
35.1975886444,137.3855352402,144.3330647018,【豊田加茂】押井磨崖物
35.2181277697,137.4069768190,144.3337475750,旭高原元気村
35.2179217906,137.4069553614,144.3338777924,旭高原元気村
34.7495114457,136.9387435913,144.3344720904,知多半島の潮干狩り （矢梨潮干狩り場）
34.7495114457,136.9387865067,144.3345023456,【知多】潮干狩り（矢梨）
35.1343695585,137.3253250122,144.3350960975,城跡公園足助城
34.9730063066,137.1649417136,144.3357863905,淇?庵並水屋
34.9717808506,137.1645639481,144.3363866828,伊賀八幡宮
35.2052264592,137.3985156783,144.3368637147,八幡のサクライソウ及びツクバネ自生地
35.1388892076,137.3325165392,144.3369922599,百年草
34.9582037481,137.1523004602,144.3373310369,八丁蔵通り
34.9576718384,137.1519939591,144.3374909661,八丁味噌本社事務所
34.7473780993,136.9427669048,144.3388215114,【知多】潮干狩り（久方）
35.1887007198,137.3852150737,144.3391140185,伊熊神社の社叢
34.7466970521,136.9426593749,144.3392287049,知多半島の潮干狩り （乙方海岸）
34.9871853864,137.1870953355,144.3414075788,おかざき農遊館
34.8768571841,137.0765616874,144.3414402649,西尾のヒメタイコウチ（生息地）
34.8752515422,137.0752398401,144.3416444312,八ツ面山（やつおもてやま）
34.9868878793,137.1872157522,144.3417031706,【西三河】おかざき農遊館
34.8751378522,137.0753228310,144.3417835421,【西三河】八ツ面山（やつおもてやま）
34.9221193255,137.1227332082,144.3419891239,本光寺
34.9575462763,137.1590127809,144.3425384284,岡崎公園
34.8748468755,137.0765857585,144.3428811535,久麻久神社本殿
35.1972379013,137.3994483940,144.3431645763,つくば工房
34.9567598770,137.1597522497,144.3436174089,岡崎公園
35.2238730608,137.4282360077,144.3447495484,奥矢作湖
35.2238336209,137.4283325672,144.3448457848,【豊田加茂】奧矢作湖
34.9646407134,137.1700074113,144.3452855752,旧愛知県岡崎師範学校武道場
34.9458353203,137.1513829685,144.3454369314,真宮遺跡
35.0345426483,137.2403311729,144.3455393136,二畳ケ滝
35.0344152681,137.2402882576,144.3455990521,二畳ケ滝
34.7417050690,136.9470208883,144.3458439230,知多半島の潮干狩り （山田海岸）
34.7417094771,136.9470423460,144.3458559244,【知多】潮干狩り（山田）
34.7270792453,136.9325683219,144.3460291114,国営農地開発事業南知多地区
34.8767807443,137.0831361339,144.3461354970,道の駅にしお岡ノ山
34.9617287913,137.1687667901,144.3464697202,旧石原家住宅
35.0098486809,137.2171333649,144.3466048104,【西三河】駒立ぶどう狩り園
35.2137188265,137.4216699600,144.3472666615,黒谷渓谷
35.2136749988,137.4216377735,144.3472748038,【豊田加茂】黒谷渓谷
35.0505242391,137.2604698546,144.3484783803,松平氏遺跡
35.0507051485,137.2607964277,144.3485814061,松平郷・散策道
34.9578980879,137.1679368448,144.3485942928,岡崎信用金庫資料館（旧岡崎銀行本店）
35.0505821851,137.2607105970,144.3486076521,松平郷・散策道
34.7101017648,136.9209069014,144.3498527067,【知多】影向寺
35.0505574467,137.2640874050,144.3510131003,松平氏遺跡
34.9160812866,137.1295773983,144.3510975270,【西三河】ふれあいドーム岡崎
34.9160944829,137.1296525002,144.3511412241,ふれあいドーム岡崎
34.9564543131,137.1703013778,144.3512866294,善立寺
34.9574588184,137.1727754869,144.3523237721,日本福音ルーテル岡崎協会教会堂
34.9841460852,137.1995294094,144.3523450825,滝山寺三門
34.8361201742,137.0515434496,144.3526407170,西尾市憩の農園
34.8357457120,137.0512842669,144.3527231297,西尾市憩の農園
34.8359361035,137.0515573025,144.3527809109,【西三河】西尾市憩の農園・バラ園
35.1967861887,137.4136025695,144.3535070623,東海自然歩道
35.0460867585,137.2633586339,144.3536587545,松平氏遺跡
34.9881995242,137.2056185390,144.3537807491,滝山寺本堂
34.9882444956,137.2059362219,144.3539734565,滝山東照宮
34.9494331788,137.1684950973,144.3549794101,六所神社
34.7949509714,137.0141029358,144.3553992998,一色さかな広場
34.7945782753,137.0140547403,144.3556294666,一色さかな広場、さかな村
34.7941932636,137.0140600204,144.3559060857,うなぎ処　いっしき 
34.8057079081,137.0274871588,144.3572173213,一色地域文化広場「学びの館」
34.8056858847,137.0274925232,144.3572367141,一色地域文化広場「一色学びの館」
34.8056021957,137.0276641846,144.3574171325,【西三河】一色学びの館
34.9535525891,137.1761596525,144.3574791591,旧額田郡公会堂及物産陳列所
35.0618984405,137.2854030132,144.3580701222,焙烙山（ほうろくさん）
34.9463627168,137.1698470121,144.3581075693,愛知県立岡崎高等学校正門門柱（旧愛知県立第二中学校正門）
35.0617703839,137.2857320173,144.3583933484,六所山（ろくしょさん）
34.7048059976,136.9295308429,144.3596877231,豊浜鯛まつり（南知多町）
34.7047613418,136.9296562672,144.3598078021,【知多】豊浜鯛まつり
34.7948628662,137.0216667652,144.3607974960,うなぎ割烹　みかわ三水亭
34.8303264057,137.0595073700,144.3623657882,【西三河】天竹神社の棉祖神
35.2547311524,137.4858283997,144.3637760265,押川大滝
35.2546785858,137.4858444929,144.3638245202,押川大滝
34.7065694509,136.9378960133,144.3643327681,豊浜魚ひろば
34.7065353850,136.9381718189,144.3645513334,豊浜魚ひろば（南知多町）
34.8516041923,137.0863438767,144.3662326389,西尾のミカワギセル生息地
34.8431480106,137.0796775818,144.3675174508,赤馬の径
34.9527839462,137.1903833022,144.3680728507,旧本田家住宅主屋
34.8456079408,137.0843923534,144.3691026668,吉良八幡山古墳
34.9138959565,137.1532055889,144.3693326000,太夫塚古墳
34.8427767163,137.0836188185,144.3705622682,花岳寺本堂
34.9203541719,137.1627224137,144.3714831148,旧愛知県第二尋常中学校講堂
34.9076398583,137.1553733508,144.3752924411,八幡宮本殿（土呂）
34.9092718314,137.1589734902,144.3766799614,八幡宮本殿（上地）
34.8729522834,137.1231641053,144.3771067148,長圓寺肖影堂
34.9414160131,137.1936963415,144.3784582512,大平一里塚
34.8634110552,137.1159142256,144.3787448937,西尾いきものふれあいの里
34.7841661961,137.0372343063,144.3793609922,【西三河】鰻養殖ハウス群
35.1718020236,137.4289296687,144.3820010596,伊世賀美隧道
34.8066064585,137.0651131868,144.3831282689,尾崎士郎記念館、旧糟谷邸
34.8064142768,137.0651731298,144.3833067421,旧糟谷縫右衛門住宅
34.8095033138,137.0725143975,144.3862983592,国宝　金蓮寺弥陀堂
34.8094165674,137.0726931095,144.3864859343,国宝　金蓮寺弥陀堂
34.8093108597,137.0726931095,144.3865608324,【西三河】国宝金蓮寺（こんれんじ）弥陀堂
34.8548847207,137.1197175980,144.3874685279,平原（ひらはら）ゲンジボタルの里
35.1970626063,137.4633514881,144.3885480784,木材需要促進センター「モッキー」
35.1970713736,137.4635124207,144.3886558892,木材需要促進センター「モッキー」
34.9391935987,137.2067284584,144.3892389933,愛知県畜産総合センター
34.8004758250,137.0681530827,144.3896173608,西福寺鐘楼
35.1968697248,137.4649339914,144.3898052177,郷土資料館「ちゅーま」
35.1968521901,137.4649715424,144.3898441944,稲武郷土資料館「ちゅ～ま」
34.7754637834,137.0436110347,144.3900273614,三河湾に広がる一色干潟
35.1163499672,137.3852455616,144.3902348073,鼎（かなえ）工房
35.1161963864,137.3852401972,144.3903394992,鼎工房
34.8256016430,137.0954101170,144.3910515017,産直つのひら
34.7937256617,137.0651186322,144.3922594221,颯田家住宅主屋
34.7963853152,137.0691046628,144.3931873161,宝珠院
34.9357501379,137.2095564928,144.3936739303,神明宮第一号古墳
34.8483077908,137.1222066879,144.3938837489,平原（ひらはら）の滝
34.6969839139,136.9719700294,144.3951503285,羽豆神社の社叢
35.0374903988,137.3136129480,144.3952773435,昇匠 SHOW BAKERY(しょうべーかりー)
34.8561514782,137.1326984793,144.3957361267,道の駅　筆柿の里・幸田
35.2618170785,137.5397726279,144.3970100718,子持ち桂
35.2890951852,137.5676469581,144.3975333986,玄武岩
34.8044184803,137.0844551622,144.3983274931,岩場古墳
35.2504770987,137.5308965509,144.3987176566,大野瀬の子持桂
34.7853293279,137.0659661293,144.3988073198,【西三河】海苔養殖風景
34.7853821971,137.0664811134,144.3991332089,西尾市吉良町吉田沖の海苔粗朶
34.7864571977,137.0697212219,144.4006575572,潮干狩り（吉田海岸）
35.2844561380,137.5693720528,144.4020278711,亀甲苑（きっこうえん）
35.2143324115,137.5033271313,144.4046813195,稲武どんぐり工房
35.2137801852,137.5027853251,144.4046870940,どんぐり横丁
35.2142447567,137.5032520294,144.4046899583,稲武どんぐり工房
35.0093360902,137.3016802625,144.4067429595,下山小学校のヤマザクラ
35.2145121033,137.5079244375,144.4078120441,古橋懐古館
35.2145252515,137.5079941750,144.4078521810,古橋懐古館
35.0117951572,137.3068718794,144.4086756512,合資会社柴田酒造場
34.7899320047,137.0854748763,144.4093113215,正法寺古墳
35.2142579050,137.5098556280,144.4093598223,【豊田加茂】瑞龍寺しだれ桜
35.2142108926,137.5098318421,144.4093761410,瑞竜寺のシダレザクラ
35.2141299511,137.5097655972,144.4093863152,しだれ桜（瑞龍寺）
34.7071528390,137.0024582390,144.4094326928,日間賀島〔体験漁業〕（南知多町）
34.9157696166,137.2120967619,144.4096081831,藤川の松並木
34.7068164091,137.0025157928,144.4097118470,日間賀島教育旅行
35.0669425174,137.3635973055,144.4098217831,もみじ街道（加茂広域農道）
34.7034345655,136.9994963895,144.4099812135,干ダコ
35.1005691312,137.3990428448,144.4111482833,田之土里湿原
35.1004067430,137.3990964890,144.4113009648,田之士里湿原
35.2184170160,137.5170278549,144.4115074129,夏焼城ヶ山の花々
35.0768087358,137.3760187626,144.4116398161,三河高原
35.0768614176,137.3761796951,144.4117164767,三河高原
34.8775345658,137.1769773960,144.4118634368,幸田憩の農園
34.8775392025,137.1770479151,144.4119099597,幸田憩いの農園
35.2100372193,137.5098556280,144.4123380725,大井平公園
35.2100153045,137.5098556280,144.4123535365,【豊田加茂】大井平公園
35.2229550453,137.5253028944,144.4141696308,山里Cyafe（ちゃふぇ）
35.2090291311,137.5116419792,144.4143151774,名倉川遊歩道
34.9373013359,137.2445331941,144.4172925186,岡崎ゲンジボタル発生地
34.7267911200,137.0345842838,144.4181623053,「三河湾の黒真珠」佐久島
34.7260901025,137.0344179869,144.4185420165,佐久島弁天サロン
34.7924025486,137.1011321165,144.4186098474,三ヶ根みかん狩り
34.7259432097,137.0344032045,144.4186357324,弁天サロン
34.7781505756,137.0873656926,144.4189936255,幡頭神社境内社熊野社本殿
34.7781596404,137.0874421660,144.4190411628,幡頭神社本殿
34.7781777416,137.0875514088,144.4191054196,幡頭神社境内社神明社本殿
34.7259181540,137.0350778103,144.4191292612,黒壁の家並み
34.7252770361,137.0352777887,144.4197248222,大葉邸
34.7776100553,137.0912003517,144.4220824418,【西三河】西尾市吉良町宮崎海岸
34.7910918756,137.1047401428,144.4220846908,潮干狩り場(西幡豆・鳥羽海岸)
34.7777334283,137.0913720131,144.4221161501,西尾市吉良町宮崎海岸
34.7818434917,137.0967589436,144.4230051348,潮干狩り（宮崎東海岸）
34.8365932799,137.1559844165,144.4260275255,三河地震による地震断層
34.7247932342,137.0445917295,144.4266366014,【西三河】カモメの駐車場
34.7946090932,137.1154681414,144.4271640672,アグリプラザ幡豆店
34.6812170940,137.0031424243,144.4283081533,コウナゴの天日干し
34.7238637821,137.0460460146,144.4283211954,大浦海水浴場（佐久島）
34.7224213616,137.0460481092,144.4293452474,シーサイドプロムナード
34.7220974102,137.0466491045,144.4299987751,民宿千鳥
34.7216106363,137.0466934822,144.4303751633,佐久島民宿　魚増
34.7211509936,137.0468251681,144.4307938942,佐久島体験民宿ゆきや
34.7225592607,137.0487775804,144.4311725328,神明社本殿
34.7223821065,137.0486605167,144.4312155581,【西三河】佐久島八劔神社
34.7224240021,137.0487450164,144.4312454537,八劔神社本殿
34.7206829882,137.0476228893,144.4316882920,ごはん屋　海
35.0293341208,137.3575123187,144.4320952178,【豊田加茂】羽左の窪
34.7207016462,137.0482670504,144.4321293769,民宿　市兵衛
34.7164075181,137.0449912548,144.4328633666,「佐久島のお庭」
35.0276831284,137.3583413721,144.4338486189,羽佐の窪渓谷
34.7672108065,137.1002554893,144.4358407331,潮干狩り(梶島)
34.7165530298,137.0499587059,144.4362635559,佐久島
34.9859173015,137.3210442066,144.4369947440,日近の里・かおれ渓谷
34.9850558711,137.3209905624,144.4375659033,日近の里・かおれ渓谷
35.0669347018,137.4035167694,144.4380759097,【豊田加茂】保殿の七滝
35.0667459025,137.4039459229,144.4385130130,保殿の七滝（ほでんのななたき）
34.8579528943,137.1952110529,144.4386040253,不動ケ滝キャンプ場
34.9166677981,137.2582363899,144.4415750848,北山湿地
35.2024543357,137.5436353683,144.4416253882,面の木原生林
35.0423036827,137.3839795589,144.4416545486,手作り工房山遊里
35.2025979429,137.5439824347,144.4417700193,黒田ダム
34.8373318638,137.1821272373,144.4439639884,本光寺
34.8372440722,137.1822906561,144.4441415483,島原藩主深溝松平家墓所
34.8160054126,137.1614956856,144.4444986335,【西三河】三ヶ根山
34.8160665070,137.1617367796,144.4446255789,三ヶ根山
34.8551952273,137.2029419962,144.4460164421,遠望峰山（とぼねやま）
34.9482347590,137.2985416328,144.4477326829,寺野の大クス
35.0142914050,137.3669663897,144.4494153657,切山の大スギ
34.7885597373,137.1445277891,144.4519599799,三河湾観光漁船
34.7885597373,137.1445277891,144.4519599799,三河湾観光遊船
35.1997102970,137.5569713116,144.4530123036,【豊田加茂】オオキツネノカミソリ他
35.0378149343,137.3965537548,144.4537236162,香恋の館
35.0378149343,137.3966825008,144.4538147149,香恋の館
35.1160471935,137.4757003784,144.4544881613,段戸裏谷（だんとうらだに）原生林  きららの森
35.1728611698,137.5345158577,144.4560447585,道の駅「アグリステーションなぐら」
35.1728699397,137.5346231461,144.4561145865,道の駅アグリステーションなぐら
34.8358216237,137.1981668472,144.4563600302,【東三河】早春の西迫町
34.8360681954,137.1985530853,144.4564582150,早春の西迫町（にしばさまちょう）
35.0356757717,137.4013128628,144.4586026916,三河湖観光センター
34.7835141301,137.1493721008,144.4589534508,潮干狩り場(東幡豆海岸)
34.7922064503,137.1581214666,144.4589723663,愛知こどもの国
34.7923430177,137.1590709686,144.4595458980,【西三河】愛知こどもの国
34.9187337056,137.2872269154,144.4606022650,【西三河】はいらっせぬかた
34.8902039008,137.2610881890,144.4623153072,冨田家住宅
34.8049194662,137.1774977446,144.4636473373,双太山公園（そうだやま）
34.8046595870,137.1774172783,144.4637745714,【東三河】双太山公園
34.7850473581,137.1634483337,144.4678034609,三河湾の彼方に沈む夕日
34.7852235893,137.1640062332,144.4680724575,【西三河】三河湾の彼方に沈む夕日
35.0302160019,137.4106246233,144.4690496376,三河湖
35.0302687136,137.4107372761,144.4690921049,三河湖
34.8547966796,137.2407603264,144.4730113971,蒲郡オレンジパーク
34.8546205971,137.2407227755,144.4731095023,蒲郡オレンジパーク
34.8147545681,137.2010660200,144.4733237728,蒲郡海鮮市場
34.8460498936,137.2339167666,144.4743684407,清田の大クス
34.8458606218,137.2338400680,144.4744482413,清田の大クス
34.9242469281,137.3137172507,144.4754270717,天恩寺仏殿
34.9241836256,137.3138813176,144.4755878258,天恩寺山門
34.7851002275,137.1783828735,144.4783087167,【東三河】蒲サ食品
34.7956249730,137.1902650595,144.4792436197,ブルーブリッジ（形原漁港大橋）
34.7955641410,137.1903264509,144.4793300440,ブルーブリッジ
35.1508850960,137.5459715891,144.4796697975,八幡神社本殿
34.7807912585,137.1775674820,144.4807849959,西浦鮮魚マーケット
34.7805649072,137.1775711426,144.4809478993,西浦鮮魚マーケット
34.7914443119,137.1885108948,144.4809658492,【東三河】形原港晩市
35.1891453209,137.5912392139,144.4847525782,【新城設楽】面ノ木ビジターセンター
35.1887551357,137.5911962986,144.4849974094,面ノ木（めんのき）園地
35.0659515767,137.4712110114,144.4866859926,豊邦のアカガシ
34.9280664525,137.3338432678,144.4869536482,本宮山自然休養村　男川やな
34.8194757957,137.2252571583,144.4870644342,手織り三河木綿工房 手織場（てばたば）
34.8194330532,137.2254123190,144.4872042749,手織り三河木綿工房
35.1996664618,137.6055353880,144.4874645481,道の駅つぐ高原グリーンパーク
35.1994560523,137.6055407524,144.4876167619,道の駅「つぐ高原グリーンパーク」
34.9269703887,137.3338731196,144.4877499202,男川やな
34.9258415899,137.3368477821,144.4906512839,わんパーク
34.8218075551,137.2357991857,144.4928590390,ナチュラルキッチン　せさみ
34.8110726369,137.2316783667,144.4975485700,竹島
34.8110638281,137.2316998243,144.4975699605,竹島
34.8105679185,137.2320407101,144.4981617998,八百富神社社叢
34.6145969006,137.0403563976,144.5017934442,【東三河】西ノ浜海浜の森
34.6141465825,137.0403778553,144.5021279906,西ノ浜海浜の森
35.2276548269,137.6555585861,144.5031933350,茶臼山高原
35.2275759506,137.6555156708,144.5032185159,【新城設楽】茶臼山高原
35.2276460629,137.6558053494,144.5033745026,茶臼山高原
34.9473814038,137.3766946793,144.5035956941,ぬかた体験村
34.9474429631,137.3770809174,144.5038253198,カフェ柚子木
34.8155181993,137.2455006046,144.5041634169,三谷町北区山車蔵
34.9401258713,137.3710727692,144.5047498957,産地問屋宮ザキ園
35.0182113524,137.4492581583,144.5048707626,涼風の里
34.9018412141,137.3339080811,144.5055478326,岡崎市ホタル学校
34.6090869582,137.0407962799,144.5060118829,休暇村伊良湖キャンプ場
34.8305862039,137.2632426023,144.5060293489,とよおか湖公園（蒲郡調整池）
34.8304793654,137.2631824483,144.5060624769,とよおか湖公園
34.8552985126,137.2886967659,144.5065231018,宮路山（みやじさん）
34.8545413598,137.2887396812,144.5070892129,【東三河】宮路山（みやじさん）
34.6282092729,137.0621950791,144.5075337812,キャベツ畑
34.9224078308,137.3589609258,144.5087140932,【西三河】万足平の猪垣
34.5841375322,137.0199501514,144.5090194167,【東三河】「道の駅」伊良湖クリスタルポルト
34.5824857483,137.0184373856,144.5091253151,（日本の道百選） 渥美サイクリングロード
34.5839785384,137.0201647282,144.5092834363,道の駅「伊良湖クリスタルポルト」
34.5793940858,137.0162487030,144.5097765701,伊良湖岬灯台・恋路が浜・日出の石門
34.5793322514,137.0164418221,144.5099565300,伊良湖岬灯台 恋路ヶ浜 日出の石門（ひいのせきもん）
34.5889747074,137.0263139257,144.5100722636,伊良湖海水浴場
34.5809061141,137.0187955063,144.5104984489,渡り鳥
34.5855117675,137.0254040874,144.5118879077,キャベツ畑・菜の花畑
34.5886422307,137.0294076204,144.5124884248,【東三河】句碑・歌碑
35.2160065983,137.6582407951,144.5133083798,茶臼山の芝桜
34.8296703014,137.2733759880,144.5138360566,蒲郡さがらの森
34.8293840798,137.2733974457,144.5140537959,【東三河】蒲郡さがらの森
34.6473487816,137.0908999443,144.5142011174,潮干狩り場（小中山）
34.5863280300,137.0296867325,144.5143269476,宮山原始林
34.8311716341,137.2760623336,144.5146712150,ヒメハルゼミの棲息地
34.8759808158,137.3213650685,144.5149752631,黒門
35.1760239643,137.6224903589,144.5161595105,津具八幡宮の杉
34.7888572934,137.2364163963,144.5166233375,大島ナメクジウオ生息地
34.9981790912,137.4460670623,144.5167664527,ＭＩＬＫ工房スコット
34.9762565246,137.4251614800,144.5174668428,愛知東農業協同組合　 産地直売施設　勇気野菜館
34.9649032450,137.4139560960,144.5175641088,須山のイヌツゲ
35.0554083624,137.5043839216,144.5176176712,鳴沢（なるさわ）の滝
34.8571825602,137.3072361946,144.5182901802,【東三河】旧東海道赤坂宿
34.9634511859,137.4142911996,144.5188275073,須山のイヌツゲ
35.1719108061,137.6231809914,144.5195503686,鞍船遺跡
34.8573234218,137.3099935055,144.5201389794,グリーンセンター音羽（ぺったん工房）
35.1695222106,137.6216809768,144.5201720060,金龍寺のシダレザクラ
34.8572886860,137.3100764598,144.5202221774,グリーンセンター音羽（ぺったん工房）
35.0007363703,137.4550154182,144.5212917373,長の山湿原
35.0007449683,137.4551907355,144.5214097270,長ノ山（ながのやま）湿原
34.9631742579,137.4204897881,144.5234081146,つくで手作り村
34.9631856588,137.4206416785,144.5235075050,つくで手作り村（味彩館、山家市）
34.9628324571,137.4214180693,144.5243063756,つくで手作り村（勇気工房）
34.9637659513,137.4233373056,144.5250042811,歴史の小径（亀山城趾等）
34.9621364614,137.4223028926,144.5254242408,つくで手作り村（とんちん館）
34.8517592037,137.3121017218,144.5255657734,御油（ごゆ）の松並木
35.1682918681,137.6290338991,144.5262518173,大根平遺跡
34.5954064315,137.0563381697,144.5266709908,【東三河】伊良湖東大寺窯跡
34.8507947387,137.3127553473,144.5267100787,御油のマツ並木
34.5951719148,137.0562076559,144.5267453460,伊良湖東大寺瓦窯跡
34.9376984225,137.4000191689,144.5269371258,くらがり渓谷
35.2146348195,137.6767212152,144.5273806531,グリーンステージ花の木
35.2148448682,137.6776496004,144.5278909367,川宇連ハナノキ自生地
34.5952133528,137.0605909824,144.5298056689,初立池公園
34.5951397039,137.0605466890,144.5298266877,初立池（はったちいけ）公園
34.9739477532,137.4420201618,144.5310259266,甘泉寺のコウヤマキ
34.9735707311,137.4419850111,144.5312674961,【新城設楽】甘泉寺のコウヤマキ
34.9735267742,137.4419742823,144.5312909694,甘泉寺（かんせんじ）のコウヤマキ
35.0977712814,137.5685067824,144.5331208825,福田寺のイヌグス
34.5848305515,137.0553601904,144.5334836973,ハマボウ、ハマカンゾウ
35.0980085846,137.5703396725,144.5342517869,福田寺（ふくでんじ）のイヌグス
34.8440901789,137.3185551167,144.5355523902,【東三河】御油（ごゆ）の松並木資料館
34.8438823381,137.3184291637,144.5356104484,東海道御油（ごゆ）の松並木
35.0575477094,137.5327574758,144.5361974486,設楽町立田峯小学校
34.6256068595,137.1011245251,144.5368272336,愛知みなみ農協ふれあい広場渥美店
34.6256333452,137.1012532711,144.5368992364,愛知みなみ農協　ふれあい広場 渥美店
35.0550053151,137.5347184961,144.5393812499,田峯城址（歴史の里　田峯城址）
34.8750465579,137.3568167614,144.5406942395,八所神社
34.8736111227,137.3558217287,144.5410062043,財賀寺
34.8733646635,137.3558378220,144.5411919104,財賀寺
35.1487579053,137.6313269465,144.5416564402,ホソバシャクナゲ自生地
35.0642475636,137.5488924980,144.5428932261,道の駅したら・奥三河郷土館
34.5885247322,137.0744540315,144.5443220123,ハマボウの野生地
34.6223755395,137.1089243889,144.5446184609,【東三河】渥美郷土資料館
34.8361035099,137.3246580004,144.5455160844,白井家住宅主屋
34.8200564621,137.3104273025,144.5468162345,大恩寺山門
34.6332586993,137.1230169438,144.5468400907,スイーツ＆ジェラテリア　Baroque(バロック)
34.6040358565,137.0936679840,144.5468662890,【東三河】たはら凧まつり
34.5990197732,137.0901918411,144.5479728998,渥美の森
34.8185421538,137.3117101192,144.5487942330,御津山（みとやま）
34.6540079254,137.1485567093,144.5501447174,潮干狩り場（伊川津・泉）
34.8558003426,137.3544162512,144.5526115979,四季の森
34.8555978501,137.3543572426,144.5527131344,四季の森
34.6033545205,137.1017934267,144.5530782741,皿山古窯群
34.9315899049,137.4323934317,144.5541535022,保永の三滝（やすながのさんたき）
34.8382105812,137.3396961711,144.5546522118,八幡宮本殿
34.6454447250,137.1480784583,144.5558772101,伊川津貝塚
34.8379554577,137.3415872000,144.5561691043,三河国分寺跡
34.8407188088,137.3445124912,144.5562813688,三河国分尼寺跡
34.6506382729,137.1540010236,144.5563735782,どろんこ村ファーマーズキッチン
34.8091713676,137.3137639349,144.5568769426,旧今泉医院診療棟
35.1790883648,137.6832447239,144.5570702206,豊根グリーンポート宮嶋
34.6325784995,137.1403047170,144.5595147699,デイリーパラダイス
34.8468990092,137.3598825932,144.5627721226,ぎょぎょランド
34.8468109595,137.3600864410,144.5629784894,【東三河】ぎょぎょランド
35.0874105814,137.6007647204,144.5632855992,岩古谷山（いわこやさん・いわごやさん）
35.0868482727,137.6017158625,144.5643562956,北設山岳公園岩古谷山
34.8011533405,137.3166346550,144.5645795818,【東三河】引馬神社
34.9057595818,137.4214933624,144.5647045396,砥鹿神社奥宮（本宮山）の社叢
34.8383500796,137.3550258457,144.5653873578,旧豊川電話装荷線輪用櫓
35.0481799686,137.5661873817,144.5664853795,四谷（よつや）の千枚田
35.0502645388,137.5685260831,144.5666699746,新城市四谷地区
34.6639404850,137.1828353405,144.5672877996,江比間（えひま）野外活動センター
34.9911057524,137.5114504096,144.5680367383,奥三河の民宿旅館　川合
34.6198856671,137.1437547833,144.5709463699,椛のシデコブシ自生地
34.6197140879,137.1491898435,144.5749011981,伊川津のシデコブシ
34.6198195291,137.1494525671,144.5750117417,シデコブシ自生地 (椛、伊川津、藤七原、黒河）
34.7890212817,137.3221921921,144.5770921473,三河臨海緑地「日本列島」
34.7887569468,137.3220419884,144.5771731160,三河臨海緑地「日本列島」
34.6789584071,137.2119534016,144.5771928098,仁崎（にさき）海水浴場
34.6784069745,137.2122967243,144.5778257880,仁崎（にさき）キャンプ場
34.8796347576,137.4177916259,144.5805584182,宝円寺のシダレザクラ
34.8796249385,137.4177968502,144.5805690556,本宮山（宝円寺のシダレザクラ、牛の滝）
34.8657155465,137.4063744434,144.5823286445,大谷家住宅
35.1822970797,137.7225601673,144.5826877793,三沢高原農産物加工体験館
34.6858487983,137.2327619791,144.5869969155,白谷海浜（しろやかいひん）公園
34.6350879436,137.1822327768,144.5873108062,光岩
34.8779394421,137.4270129204,144.5882777505,本宮の湯
34.8779394421,137.4271416664,144.5883687915,本宮（ほんぐう）の湯
34.8781245885,137.4278293474,144.5887241645,本宮山
34.8746651676,137.4248242378,144.5890452709,【東三河】ウォーキングセンター及び本宮山
34.6885571562,137.2408461571,144.5907842877,潮干狩り場（田原）
34.8799599863,137.4336549270,144.5915460022,炭焼古墳群
34.7803043225,137.3353248592,144.5925393651,前芝の燈明台
35.1435610632,137.6982197779,144.5927411555,湯～らんどパルとよね
35.1435700291,137.6982308104,144.5927426545,兎鹿嶋温泉（湯～らんどパルとよね）
35.1433712792,137.6982271671,144.5928802337,【新城設楽】湯～らんどパルとよね
35.1442818499,137.7003535280,144.5937456649,熊谷家住宅（愛知県北設楽郡豊根村） 
34.6433901106,137.2006827593,144.5944432895,サンテパルクたはら
34.6431826834,137.2007095814,144.5946092110,サンテパルクたはら
34.8782233479,137.4362747180,144.5946265167,炭焼古墳群
34.9970755225,137.5554800034,144.5949890402,山びこの丘
34.9969700561,137.5554800034,144.5950635228,山びこの丘
34.6346785328,137.1953634132,144.5968642425,大アラコ古窯跡
34.8244609126,137.3919296265,144.6012961039,【東三河】豊川稲荷春季大祭・秋季大祭
35.0981401499,137.6657545448,144.6017657968,振草農産物生産直売組合
34.7988010764,137.3686105013,144.6029689432,五社稲荷社朝市
34.7987345625,137.3685528619,144.6029752738,五社稲荷社朝市
34.7960919251,137.3660784960,144.6030965903,とんぼ公園（ビオトープ）
34.8285435763,137.4007347291,144.6046320916,トヨテック本社
34.8074858968,137.3804221631,144.6051715345,牛久保のナギ
34.8473250392,137.4215099302,144.6060353946,砥鹿神社のケヤキ
34.6698262114,137.2441077232,144.6063553628,滝頭（たきがしら）公園
34.6756177458,137.2514024333,144.6074012547,衣笠（きぬがさ）の森
34.6849357000,137.2621160746,144.6083632589,蔵王山（ざおうさん）展望台
34.6848254218,137.2620463371,144.6083921431,蔵王山（ざおうさん）展望台
34.8209467857,137.3992593316,144.6089628194,三明寺本堂
34.8208926962,137.3992591796,144.6090009733,三明寺本堂内宮殿
34.8201889672,137.3995523528,144.6097059981,三明寺三重塔
34.8959016218,137.4768054485,144.6107951328,愛知東農業協同組合 産地直売施設　グリーンセンターしんしろ
34.8959398530,137.4768928606,144.6108299421,グリーンセンターしんしろ
34.8958312241,137.4768376350,144.6108676608,【新城設楽】グリーンセンターしんしろ
35.1395592685,137.7209186554,144.6116571722,大入の郷（おおにゅうのさと）
34.6091399402,137.1910482645,144.6119211284,「道の駅」あかばねロコステーション
34.7852544466,137.3754695340,144.6174009836,瓜郷遺跡
34.9437451332,137.5360419052,144.6188992123,八平神社
35.1205476192,137.7123439858,144.6189847245,茶禅一
34.6156299741,137.2081768513,144.6194041395,【東三河】メロン狩り
34.8617825326,137.4549014755,144.6194231798,旗頭山尾根古墳群
34.6155082775,137.2083442579,144.6196084911,愛知みなみ農協ふれあい広場赤羽根店
34.6155082775,137.2083442579,144.6196084911,愛知みなみ農協ふれあい広場赤羽根店
34.6153827440,137.2082197666,144.6196096367,【東三河】いちご狩り
34.9422308445,137.5356946015,144.6197232211,龍泉寺
34.6736645032,137.2691166401,144.6212885175,田原城跡・田原市博物館
34.6263213313,137.2217205036,144.6213824245,電照菊
34.9024108485,137.4983950276,144.6214673241,永住寺
34.6252095729,137.2210192680,144.6216755237,赤羽根文化の森
35.0837013298,137.6802958267,144.6222579356,東栄町交流促進センター　千代姫荘
34.9410673095,137.5381826417,144.6223061077,瀧川家住宅
34.7721770519,137.3710244894,144.6235137288,JAファーマーズマーケット吉田方店
34.6815435903,137.2810271635,144.6241156489,吉胡貝塚
34.6434210039,137.2428524494,144.6241769228,黒河湿地（くろがわしっち）植物群落
34.6434430706,137.2428900003,144.6241877873,【東三河】黒河湿地植物群落
34.6432677525,137.2427628757,144.6242222941,黒河湿地植物群落
34.9829391572,137.5831149076,144.6245380316,鳳来寺山
34.6675186074,137.2677831998,144.6247006743,城宝寺古墳
35.1183421024,137.7191698551,144.6253794626,  東栄町森林体験交流センター 「スターフォレスト御園」
34.9689374041,137.5703406636,144.6253822932,【新城設楽】観来館
34.6144026460,137.2180849314,144.6272639868,【東三河】太平洋ロングビーチ
34.6142437101,137.2181224823,144.6274031184,太平洋ロングビーチ
34.9707423787,137.5751243395,144.6274941578,ネズの樹
34.9706522701,137.5751129411,144.6275497267,ネズの樹
34.9174245585,137.5221082582,144.6276353769,断上山古墳（第10号墳）
34.8394663872,137.4451032870,144.6282742487,賀茂神社本殿
34.9412208382,137.5468701124,144.6283462357,鮎滝
34.9169075476,137.5231895143,144.6287658017,断上山古墳（第9号墳）
34.9723706982,137.5786650181,144.6288509020,鳳来寺山自然科学博物館
34.9723179491,137.5787883997,144.6289755073,鳳来寺山自然科学博物館
34.7530239221,137.3601184758,144.6293628065,グリーンセンター牟呂
34.9791055721,137.5864141162,144.6295811765,鳳来寺仁王門
34.9788537711,137.5862375914,144.6296340066,鳳来寺山
34.9787267165,137.5861537457,144.6296643641,鳳来寺山
35.0803235833,137.6881153391,144.6301827861,設楽城跡
34.9186677260,137.5282341242,144.6310917040,新城市設楽原歴史資料館
34.9781908587,137.5876361188,144.6310923475,東照宮
34.7657257222,137.3763620853,144.6318503480,【東三河】	羽田まつり
34.7655550170,137.3763703315,144.6319769724,羽田八幡宮
34.6615917877,137.2722821116,144.6320745545,【東三河】「道の駅」田原めっくんはうす
35.1722823515,137.7822875977,144.6321115457,バンガロー村「古里とみやま」 湯の島温泉
34.6615917310,137.2723475756,144.6321208026,道の駅「田原めっくんはうす」
34.8928656644,137.5055372715,144.6332662592,桜淵公園
34.7719501687,137.3846568584,144.6333069057,湊築島弁天社
35.0496819111,137.6625859737,144.6337115252,明神山（みょうじんさん・みょうじんやま）
34.9360533093,137.5506400968,144.6346650867,瀧神社本殿
35.0053498178,137.6229643822,144.6369338504,愛知県民の森
35.0054113336,137.6230394840,144.6369436139,【新城設楽】愛知県民の森
35.0053410298,137.6230609417,144.6370084429,愛知県民の森
34.7920280313,137.4113059044,144.6379346173,豊橋市上水道施設下条取水場旧ポンプ室
34.7633887675,137.3830285167,144.6382144235,路面電車
34.7702822464,137.3899930716,144.6382578261,【東三河】豊橋祇園祭
35.1806748126,137.7995020151,144.6384089687,とみやま来富館（らいふかん）
34.8147607084,137.4351605687,144.6387167366,権現山古墳
34.7706186048,137.3930765233,144.6401987243,吉田城
34.8593922993,137.4821645021,144.6403940095,吉祥山（きちじょうさん）
34.8590665646,137.4822771549,144.6407039632,【東三河】吉祥山
34.7209174971,137.3447578272,144.6412378269,お葉付イチョウ
34.8076415411,137.4317497015,144.6413407862,フルーツショップゆめ彩館
34.7681140343,137.3922066357,144.6413561877,豊橋市公会堂
34.7680524894,137.3921978474,144.6413935254,豊橋市公会堂
34.7886402574,137.4134156528,144.6418223664,豊橋市上水道施設大江川水道橋
34.8164053711,137.4414730999,144.6420162474,馬越長火塚古墳群
34.7679843290,137.3940853210,144.6427755163,豊橋ハリストス正教会聖使徒聖使徒福音者馬太聖堂
34.7679863890,137.3946762085,144.6431916053,【東三河】鬼祭
34.7681540400,137.3949269855,144.6432501910,安久美神戸神明社
35.0709399981,137.7000403404,144.6452543495,龍洞院のシダレザクラ
34.9254105600,137.5553941727,144.6455484690,愛知東農業協同組合 産地直売施設　こんたく長篠
34.9250131287,137.5551193526,144.6456347406,こんたく長篠
34.9248961833,137.5550421841,144.6456627439,【新城設楽】こんたく長篠
34.9250674938,137.5557267666,144.6460262260,こんたく長篠
35.0748516376,137.7066885564,144.6472069101,とうえい温泉
35.0748516376,137.7066885567,144.6472069102,とうえい温泉
35.0743502174,137.7085268497,144.6488635774,蔦の渕（つたのふち）
35.0739287497,137.7084839344,144.6491304732,振草（ふりくさ）渓谷
34.9234849132,137.5593917045,144.6497381148,長篠城跡
34.9233169540,137.5594764948,144.6499167820,長篠城址（長篠城址史跡保存館）
34.7490594496,137.3854704712,144.6500799100,産直プラザ福岡
34.6821301757,137.3197942972,144.6510705961,ジョイフル杉山
34.8022545646,137.4411481619,144.6517949050,産直プラザ石巻
34.7315614076,137.3707455397,144.6520606244,グリーンセンター磯辺
34.9741771980,137.6159042572,144.6539426066,鳳来ゆーゆーありいな
34.9741771982,137.6159042578,144.6539426070,鳳来ゆ～ゆ～ありいな
35.0211578684,137.6631165844,144.6542173455,乳岩及び乳岩峡
34.9702870827,137.6135122776,144.6549956399,【新城設楽】湯谷温泉
34.9702519158,137.6135337353,144.6550356659,湯谷温泉
35.0191369860,137.6639699936,144.6562482103,乳岩峡
35.0190403345,137.6639914513,144.6563316254,乳岩峡（ちいわきょう）
34.8734955125,137.5189328635,144.6564330923,望月家住宅（愛知県新城市黒田） 
34.7401333126,137.3861349582,144.6568662450,愛知大学旧本館（旧陸軍第15師団司令部庁舎）
34.9314662379,137.5774909760,144.6569105614,旧黄柳橋
34.9674341141,137.6138180494,144.6572266858,馬背岩（うまのせいわ）
34.9673340163,137.6137424144,144.6572438107,馬背岩
34.7123247955,137.3631787702,144.6603316734,植田アグリセンター
34.6451668863,137.2990962601,144.6626362987,百々陶器窯跡
34.9500609542,137.6064268824,144.6642616971,旧料亭菊水
34.9498706705,137.6068484848,144.6646945735,旧大野銀行（大野宿鳳来館）
34.9993132529,137.6592379386,144.6668878459,鳳来町のムカデランの自生地
34.7653258398,137.4309826041,144.6707317887,豊橋市上水道施設小鷹野浄水場
34.8668993690,137.5332549427,144.6712271736,宇利城跡
34.7649242282,137.4328936636,144.6723665755,豊橋市上水道施設多米浄水場旧配水池
35.0804765661,137.7495477910,144.6736208114,預り渕のポットホール
34.7897953861,137.4598194903,144.6738064245,石巻山石灰岩地植物群落
35.0468410352,137.7212363903,144.6772779280,愛知東農業　東栄直売所
35.0467596565,137.7212906477,144.6773737927,愛知東農業協同組合 産地直売施設　東栄直売所
35.0671848611,137.7429186206,144.6782958707,煮え渕のポットホール
35.0310746057,137.7072552810,144.6784933803,須佐男神社のアヤスギ
34.6712997835,137.3486709595,144.6791298883,【東三河】水の展示館
34.8512472041,137.5340275475,144.6828362883,中宇利丸山の蛇紋岩植生
34.7229540544,137.4080907564,144.6845361294,高師小僧
34.7975839275,137.4851028631,144.6861736748,嵩山蛇穴
34.7218425323,137.4094305086,144.6862693112,高師小僧
34.7622457075,137.4500720408,144.6864029418,豊橋市民俗資料館収蔵室本棟（旧多米小学校本校舎）
34.6724424457,137.3602795601,144.6865185153,万場調整池と万場緑地
34.7625307171,137.4505278468,144.6865234986,豊橋市民俗資料館収蔵室西棟（旧多米小学校西校舎）
34.7625571590,137.4508309364,144.6867190233,【東三河】多米民俗資料収蔵室
34.6994166730,137.3934172764,144.6908282161,NDふぁ～む
34.9502668087,137.6451271701,144.6915189255,阿寺の七滝
34.9502702462,137.6456075907,144.6918567034,阿寺の七滝（あてらのななたき）
34.9502570553,137.6456022263,144.6918622183,阿寺の七滝
34.7451389077,137.4513459206,144.6994050800,葦毛湿原（いもうしつげん）と豊橋自然歩道
34.7451389077,137.4515175819,144.6995264037,葦毛湿原
34.7442808961,137.4511835278,144.6998973110,葦毛湿原
34.9031650148,137.6143135274,144.7029663815,満光寺庭園
34.9029674883,137.6142257452,144.7030437647,満光寺（まんこうじ）庭園
34.8625092049,137.5760855853,144.7046336488,黄柳野ツゲ自生地
34.8659683431,137.5816583633,144.7061327943,黄柳野（つげの）つげ自生地
34.7245997515,137.4500772199,144.7130397023,西駒屋田村家住宅
34.7234094277,137.4499028921,144.7137586973,二川宿本陣（ふたがわしゅくほんじん）資料館
34.7255918916,137.4583250284,144.7181664937,産直プラザ二川
34.7255918916,137.4584484100,144.7182536897,産直プラザ二川
34.6630668646,137.3999767824,144.7211921585,小野田家住宅
34.6839801076,137.4220779264,144.7220006398,あぐりパーク食彩村
34.6831933044,137.4398535695,144.7351155901,東観音寺多宝塔
